path,actor_id,sentence,emotion,level,split
data\processed\1023_DFA_NEU_XX.npy,1023,DFA,NEU,XX,test
data\processed\1008_DFA_NEU_XX.npy,1008,DFA,NEU,XX,dev
data\processed\1028_DFA_HAP_XX.npy,1028,DFA,HAP,XX,dev
data\processed\1025_DFA_SAD_XX.npy,1025,DFA,SAD,XX,dev
data\processed\1017_DFA_DIS_XX.npy,1017,DFA,DIS,XX,dev
data\processed\1032_DFA_SAD_XX.npy,1032,DFA,SAD,XX,dev
data\processed\1039_DFA_NEU_XX.npy,1039,DFA,NEU,XX,dev
data\processed\1030_DFA_NEU_XX.npy,1030,DFA,NEU,XX,dev
data\processed\1032_DFA_NEU_XX.npy,1032,DFA,NEU,XX,dev
data\processed\1028_DFA_ANG_XX.npy,1028,DFA,ANG,XX,dev
data\processed\1015_DFA_NEU_XX.npy,1015,DFA,NEU,XX,dev
data\processed\1001_DFA_HAP_XX.npy,1001,DFA,HAP,XX,dev
data\processed\1042_DFA_ANG_XX.npy,1042,DFA,ANG,XX,dev
data\processed\1003_DFA_DIS_XX.npy,1003,DFA,DIS,XX,dev
data\processed\1040_DFA_SAD_XX.npy,1040,DFA,SAD,XX,dev
data\processed\1041_DFA_ANG_XX.npy,1041,DFA,ANG,XX,dev
data\processed\1006_DFA_NEU_XX.npy,1006,DFA,NEU,XX,dev
data\processed\1049_DFA_FEA_XX.npy,1049,DFA,FEA,XX,dev
data\processed\1031_DFA_NEU_XX.npy,1031,DFA,NEU,XX,dev
data\processed\1020_DFA_HAP_XX.npy,1020,DFA,HAP,XX,dev
data\processed\1040_DFA_DIS_XX.npy,1040,DFA,DIS,XX,dev
data\processed\1045_DFA_SAD_XX.npy,1045,DFA,SAD,XX,dev
data\processed\1022_DFA_SAD_XX.npy,1022,DFA,SAD,XX,dev
data\processed\1016_DFA_FEA_XX.npy,1016,DFA,FEA,XX,dev
data\processed\1014_DFA_ANG_XX.npy,1014,DFA,ANG,XX,dev
data\processed\1042_DFA_HAP_XX.npy,1042,DFA,HAP,XX,dev
data\processed\1034_DFA_HAP_XX.npy,1034,DFA,HAP,XX,dev
data\processed\1024_DFA_SAD_XX.npy,1024,DFA,SAD,XX,dev
data\processed\1036_DFA_DIS_XX.npy,1036,DFA,DIS,XX,dev
data\processed\1020_DFA_NEU_XX.npy,1020,DFA,NEU,XX,dev
data\processed\1039_DFA_HAP_XX.npy,1039,DFA,HAP,XX,dev
data\processed\1037_DFA_DIS_XX.npy,1037,DFA,DIS,XX,dev
data\processed\1046_DFA_SAD_XX.npy,1046,DFA,SAD,XX,dev
data\processed\1012_DFA_FEA_XX.npy,1012,DFA,FEA,XX,dev
data\processed\1015_DFA_ANG_XX.npy,1015,DFA,ANG,XX,dev
data\processed\1047_DFA_DIS_XX.npy,1047,DFA,DIS,XX,dev
data\processed\1001_DFA_FEA_XX.npy,1001,DFA,FEA,XX,dev
data\processed\1037_DFA_NEU_XX.npy,1037,DFA,NEU,XX,dev
data\processed\1011_DFA_HAP_XX.npy,1011,DFA,HAP,XX,dev
data\processed\1043_DFA_HAP_XX.npy,1043,DFA,HAP,XX,dev
data\processed\1021_DFA_HAP_XX.npy,1021,DFA,HAP,XX,dev
data\processed\1003_DFA_FEA_XX.npy,1003,DFA,FEA,XX,dev
data\processed\1016_DFA_ANG_XX.npy,1016,DFA,ANG,XX,dev
data\processed\1034_DFA_FEA_XX.npy,1034,DFA,FEA,XX,dev
data\processed\1018_DFA_ANG_XX.npy,1018,DFA,ANG,XX,dev
data\processed\1020_DFA_SAD_XX.npy,1020,DFA,SAD,XX,dev
data\processed\1048_DFA_DIS_XX.npy,1048,DFA,DIS,XX,dev
data\processed\1021_DFA_ANG_XX.npy,1021,DFA,ANG,XX,dev
data\processed\1043_DFA_SAD_XX.npy,1043,DFA,SAD,XX,dev
data\processed\1030_DFA_HAP_XX.npy,1030,DFA,HAP,XX,dev
data\processed\1007_DFA_SAD_XX.npy,1007,DFA,SAD,XX,dev
data\processed\1017_DFA_HAP_XX.npy,1017,DFA,HAP,XX,dev
data\processed\1043_DFA_DIS_XX.npy,1043,DFA,DIS,XX,dev
data\processed\1005_DFA_ANG_XX.npy,1005,DFA,ANG,XX,dev
data\processed\1017_DFA_SAD_XX.npy,1017,DFA,SAD,XX,dev
data\processed\1030_DFA_FEA_XX.npy,1030,DFA,FEA,XX,dev
data\processed\1028_DFA_SAD_XX.npy,1028,DFA,SAD,XX,dev
data\processed\1014_DFA_FEA_XX.npy,1014,DFA,FEA,XX,dev
data\processed\1010_DFA_ANG_XX.npy,1010,DFA,ANG,XX,dev
data\processed\1007_DFA_NEU_XX.npy,1007,DFA,NEU,XX,dev
data\processed\1010_DFA_HAP_XX.npy,1010,DFA,HAP,XX,dev
data\processed\1026_DFA_DIS_XX.npy,1026,DFA,DIS,XX,dev
data\processed\1017_DFA_ANG_XX.npy,1017,DFA,ANG,XX,dev
data\processed\1018_DFA_HAP_XX.npy,1018,DFA,HAP,XX,dev
data\processed\1041_DFA_FEA_XX.npy,1041,DFA,FEA,XX,dev
data\processed\1014_DFA_DIS_XX.npy,1014,DFA,DIS,XX,dev
data\processed\1035_DFA_SAD_XX.npy,1035,DFA,SAD,XX,dev
data\processed\1024_DFA_NEU_XX.npy,1024,DFA,NEU,XX,dev
data\processed\1034_DFA_DIS_XX.npy,1034,DFA,DIS,XX,dev
data\processed\1006_DFA_SAD_XX.npy,1006,DFA,SAD,XX,dev
data\processed\1027_DFA_NEU_XX.npy,1027,DFA,NEU,XX,dev
data\processed\1037_DFA_ANG_XX.npy,1037,DFA,ANG,XX,dev
data\processed\1008_DFA_ANG_XX.npy,1008,DFA,ANG,XX,dev
data\processed\1002_DFA_NEU_XX.npy,1002,DFA,NEU,XX,dev
data\processed\1010_DFA_NEU_XX.npy,1010,DFA,NEU,XX,dev
data\processed\1015_DFA_HAP_XX.npy,1015,DFA,HAP,XX,dev
data\processed\1047_DFA_HAP_XX.npy,1047,DFA,HAP,XX,dev
data\processed\1004_DFA_DIS_XX.npy,1004,DFA,DIS,XX,dev
data\processed\1029_DFA_NEU_XX.npy,1029,DFA,NEU,XX,dev
data\processed\1023_DFA_HAP_XX.npy,1023,DFA,HAP,XX,dev
data\processed\1030_DFA_DIS_XX.npy,1030,DFA,DIS,XX,dev
data\processed\1007_DFA_HAP_XX.npy,1007,DFA,HAP,XX,dev
data\processed\1011_DFA_SAD_XX.npy,1011,DFA,SAD,XX,dev
data\processed\1018_DFA_DIS_XX.npy,1018,DFA,DIS,XX,dev
data\processed\1042_DFA_NEU_XX.npy,1042,DFA,NEU,XX,dev
data\processed\1045_DFA_DIS_XX.npy,1045,DFA,DIS,XX,dev
data\processed\1001_DFA_DIS_XX.npy,1001,DFA,DIS,XX,dev
data\processed\1034_DFA_ANG_XX.npy,1034,DFA,ANG,XX,dev
data\processed\1048_DFA_NEU_XX.npy,1048,DFA,NEU,XX,dev
data\processed\1028_DFA_NEU_XX.npy,1028,DFA,NEU,XX,dev
data\processed\1019_DFA_NEU_XX.npy,1019,DFA,NEU,XX,dev
data\processed\1042_DFA_DIS_XX.npy,1042,DFA,DIS,XX,dev
data\processed\1006_DFA_FEA_XX.npy,1006,DFA,FEA,XX,dev
data\processed\1012_DFA_DIS_XX.npy,1012,DFA,DIS,XX,dev
data\processed\1032_DFA_HAP_XX.npy,1032,DFA,HAP,XX,dev
data\processed\1027_DFA_DIS_XX.npy,1027,DFA,DIS,XX,dev
data\processed\1033_DFA_ANG_XX.npy,1033,DFA,ANG,XX,dev
data\processed\1039_DFA_FEA_XX.npy,1039,DFA,FEA,XX,dev
data\processed\1020_DFA_FEA_XX.npy,1020,DFA,FEA,XX,dev
data\processed\1036_DFA_FEA_XX.npy,1036,DFA,FEA,XX,dev
data\processed\1005_DFA_FEA_XX.npy,1005,DFA,FEA,XX,dev
data\processed\1015_DFA_FEA_XX.npy,1015,DFA,FEA,XX,dev
data\processed\1019_DFA_FEA_XX.npy,1019,DFA,FEA,XX,dev
data\processed\1029_DFA_HAP_XX.npy,1029,DFA,HAP,XX,dev
data\processed\1013_DFA_ANG_XX.npy,1013,DFA,ANG,XX,dev
data\processed\1048_DFA_FEA_XX.npy,1048,DFA,FEA,XX,dev
data\processed\1016_DFA_HAP_XX.npy,1016,DFA,HAP,XX,dev
data\processed\1008_DFA_HAP_XX.npy,1008,DFA,HAP,XX,dev
data\processed\1039_DFA_SAD_XX.npy,1039,DFA,SAD,XX,dev
data\processed\1022_DFA_DIS_XX.npy,1022,DFA,DIS,XX,dev
data\processed\1046_DFA_HAP_XX.npy,1046,DFA,HAP,XX,dev
data\processed\1015_DFA_SAD_XX.npy,1015,DFA,SAD,XX,dev
data\processed\1003_DFA_ANG_XX.npy,1003,DFA,ANG,XX,dev
data\processed\1013_DFA_NEU_XX.npy,1013,DFA,NEU,XX,dev
data\processed\1022_DFA_HAP_XX.npy,1022,DFA,HAP,XX,dev
data\processed\1010_DFA_SAD_XX.npy,1010,DFA,SAD,XX,dev
data\processed\1011_DFA_NEU_XX.npy,1011,DFA,NEU,XX,dev
data\processed\1044_DFA_FEA_XX.npy,1044,DFA,FEA,XX,dev
data\processed\1037_DFA_HAP_XX.npy,1037,DFA,HAP,XX,dev
data\processed\1031_DFA_FEA_XX.npy,1031,DFA,FEA,XX,dev
data\processed\1008_DFA_FEA_XX.npy,1008,DFA,FEA,XX,dev
data\processed\1033_DFA_FEA_XX.npy,1033,DFA,FEA,XX,dev
data\processed\1014_DFA_NEU_XX.npy,1014,DFA,NEU,XX,dev
data\processed\1023_DFA_SAD_XX.npy,1023,DFA,SAD,XX,dev
data\processed\1005_DFA_NEU_XX.npy,1005,DFA,NEU,XX,dev
data\processed\1036_DFA_HAP_XX.npy,1036,DFA,HAP,XX,dev
data\processed\1033_DFA_HAP_XX.npy,1033,DFA,HAP,XX,dev
data\processed\1018_DFA_NEU_XX.npy,1018,DFA,NEU,XX,dev
data\processed\1036_DFA_NEU_XX.npy,1036,DFA,NEU,XX,dev
data\processed\1019_DFA_ANG_XX.npy,1019,DFA,ANG,XX,dev
data\processed\1036_DFA_ANG_XX.npy,1036,DFA,ANG,XX,dev
data\processed\1026_DFA_HAP_XX.npy,1026,DFA,HAP,XX,dev
data\processed\1009_DFA_SAD_XX.npy,1009,DFA,SAD,XX,dev
data\processed\1021_DFA_FEA_XX.npy,1021,DFA,FEA,XX,dev
data\processed\1047_DFA_NEU_XX.npy,1047,DFA,NEU,XX,dev
data\processed\1046_DFA_ANG_XX.npy,1046,DFA,ANG,XX,dev
data\processed\1009_DFA_DIS_XX.npy,1009,DFA,DIS,XX,dev
data\processed\1001_DFA_SAD_XX.npy,1001,DFA,SAD,XX,dev
data\processed\1033_DFA_NEU_XX.npy,1033,DFA,NEU,XX,dev
data\processed\1027_DFA_HAP_XX.npy,1027,DFA,HAP,XX,dev
data\processed\1016_DFA_NEU_XX.npy,1016,DFA,NEU,XX,dev
data\processed\1049_DFA_NEU_XX.npy,1049,DFA,NEU,XX,dev
data\processed\1032_DFA_FEA_XX.npy,1032,DFA,FEA,XX,dev
data\processed\1006_DFA_ANG_XX.npy,1006,DFA,ANG,XX,dev
data\processed\1028_DFA_DIS_XX.npy,1028,DFA,DIS,XX,dev
data\processed\1038_DFA_SAD_XX.npy,1038,DFA,SAD,XX,dev
data\processed\1002_DFA_ANG_XX.npy,1002,DFA,ANG,XX,dev
data\processed\1004_DFA_ANG_XX.npy,1004,DFA,ANG,XX,dev
data\processed\1025_DFA_FEA_XX.npy,1025,DFA,FEA,XX,train
data\processed\1002_DFA_SAD_XX.npy,1002,DFA,SAD,XX,train
data\processed\1046_DFA_NEU_XX.npy,1046,DFA,NEU,XX,train
data\processed\1047_DFA_ANG_XX.npy,1047,DFA,ANG,XX,train
data\processed\1005_DFA_DIS_XX.npy,1005,DFA,DIS,XX,train
data\processed\1003_DFA_HAP_XX.npy,1003,DFA,HAP,XX,train
data\processed\1019_DFA_DIS_XX.npy,1019,DFA,DIS,XX,train
data\processed\1045_DFA_NEU_XX.npy,1045,DFA,NEU,XX,train
data\processed\1008_DFA_DIS_XX.npy,1008,DFA,DIS,XX,train
data\processed\1016_DFA_SAD_XX.npy,1016,DFA,SAD,XX,train
data\processed\1041_DFA_SAD_XX.npy,1041,DFA,SAD,XX,train
data\processed\1034_DFA_NEU_XX.npy,1034,DFA,NEU,XX,train
data\processed\1012_DFA_HAP_XX.npy,1012,DFA,HAP,XX,train
data\processed\1001_DFA_NEU_XX.npy,1001,DFA,NEU,XX,train
data\processed\1043_DFA_FEA_XX.npy,1043,DFA,FEA,XX,train
data\processed\1035_DFA_FEA_XX.npy,1035,DFA,FEA,XX,train
data\processed\1038_DFA_HAP_XX.npy,1038,DFA,HAP,XX,train
data\processed\1045_DFA_FEA_XX.npy,1045,DFA,FEA,XX,train
data\processed\1032_DFA_DIS_XX.npy,1032,DFA,DIS,XX,train
data\processed\1021_DFA_NEU_XX.npy,1021,DFA,NEU,XX,train
data\processed\1005_DFA_SAD_XX.npy,1005,DFA,SAD,XX,train
data\processed\1034_DFA_SAD_XX.npy,1034,DFA,SAD,XX,train
data\processed\1043_DFA_NEU_XX.npy,1043,DFA,NEU,XX,train
data\processed\1004_DFA_HAP_XX.npy,1004,DFA,HAP,XX,train
data\processed\1016_DFA_DIS_XX.npy,1016,DFA,DIS,XX,train
data\processed\1028_DFA_FEA_XX.npy,1028,DFA,FEA,XX,train
data\processed\1046_DFA_DIS_XX.npy,1046,DFA,DIS,XX,train
data\processed\1022_DFA_ANG_XX.npy,1022,DFA,ANG,XX,train
data\processed\1020_DFA_DIS_XX.npy,1020,DFA,DIS,XX,train
data\processed\1031_DFA_SAD_XX.npy,1031,DFA,SAD,XX,train
data\processed\1025_DFA_NEU_XX.npy,1025,DFA,NEU,XX,train
data\processed\1018_DFA_SAD_XX.npy,1018,DFA,SAD,XX,train
data\processed\1037_DFA_FEA_XX.npy,1037,DFA,FEA,XX,train
data\processed\1049_DFA_SAD_XX.npy,1049,DFA,SAD,XX,train
data\processed\1010_DFA_DIS_XX.npy,1010,DFA,DIS,XX,train
data\processed\1011_DFA_ANG_XX.npy,1011,DFA,ANG,XX,train
data\processed\1044_DFA_NEU_XX.npy,1044,DFA,NEU,XX,train
data\processed\1012_DFA_NEU_XX.npy,1012,DFA,NEU,XX,train
data\processed\1023_DFA_FEA_XX.npy,1023,DFA,FEA,XX,train
data\processed\1039_DFA_ANG_XX.npy,1039,DFA,ANG,XX,train
data\processed\1017_DFA_NEU_XX.npy,1017,DFA,NEU,XX,train
data\processed\1030_DFA_ANG_XX.npy,1030,DFA,ANG,XX,train
data\processed\1038_DFA_DIS_XX.npy,1038,DFA,DIS,XX,train
data\processed\1030_DFA_SAD_XX.npy,1030,DFA,SAD,XX,train
data\processed\1040_DFA_HAP_XX.npy,1040,DFA,HAP,XX,train
data\processed\1002_DFA_HAP_XX.npy,1002,DFA,HAP,XX,train
data\processed\1007_DFA_FEA_XX.npy,1007,DFA,FEA,XX,train
data\processed\1006_DFA_HAP_XX.npy,1006,DFA,HAP,XX,train
data\processed\1033_DFA_DIS_XX.npy,1033,DFA,DIS,XX,train
data\processed\1029_DFA_SAD_XX.npy,1029,DFA,SAD,XX,train
data\processed\1004_DFA_NEU_XX.npy,1004,DFA,NEU,XX,train
data\processed\1003_DFA_SAD_XX.npy,1003,DFA,SAD,XX,train
data\processed\1021_DFA_DIS_XX.npy,1021,DFA,DIS,XX,train
data\processed\1012_DFA_ANG_XX.npy,1012,DFA,ANG,XX,train
data\processed\1029_DFA_ANG_XX.npy,1029,DFA,ANG,XX,train
data\processed\1027_DFA_ANG_XX.npy,1027,DFA,ANG,XX,train
data\processed\1002_DFA_FEA_XX.npy,1002,DFA,FEA,XX,train
data\processed\1048_DFA_SAD_XX.npy,1048,DFA,SAD,XX,train
data\processed\1049_DFA_ANG_XX.npy,1049,DFA,ANG,XX,train
data\processed\1044_DFA_DIS_XX.npy,1044,DFA,DIS,XX,train
data\processed\1039_DFA_DIS_XX.npy,1039,DFA,DIS,XX,train
data\processed\1045_DFA_ANG_XX.npy,1045,DFA,ANG,XX,train
data\processed\1025_DFA_HAP_XX.npy,1025,DFA,HAP,XX,train
data\processed\1040_DFA_FEA_XX.npy,1040,DFA,FEA,XX,train
data\processed\1017_DFA_FEA_XX.npy,1017,DFA,FEA,XX,train
data\processed\1037_DFA_SAD_XX.npy,1037,DFA,SAD,XX,train
data\processed\1026_DFA_FEA_XX.npy,1026,DFA,FEA,XX,train
data\processed\1040_DFA_NEU_XX.npy,1040,DFA,NEU,XX,train
data\processed\1019_DFA_SAD_XX.npy,1019,DFA,SAD,XX,train
data\processed\1013_DFA_DIS_XX.npy,1013,DFA,DIS,XX,train
data\processed\1026_DFA_ANG_XX.npy,1026,DFA,ANG,XX,train
data\processed\1044_DFA_SAD_XX.npy,1044,DFA,SAD,XX,train
data\processed\1026_DFA_NEU_XX.npy,1026,DFA,NEU,XX,train
data\processed\1048_DFA_ANG_XX.npy,1048,DFA,ANG,XX,train
data\processed\1009_DFA_NEU_XX.npy,1009,DFA,NEU,XX,train
data\processed\1024_DFA_ANG_XX.npy,1024,DFA,ANG,XX,train
data\processed\1035_DFA_NEU_XX.npy,1035,DFA,NEU,XX,train
data\processed\1015_DFA_DIS_XX.npy,1015,DFA,DIS,XX,train
data\processed\1024_DFA_FEA_XX.npy,1024,DFA,FEA,XX,train
data\processed\1049_DFA_DIS_XX.npy,1049,DFA,DIS,XX,train
data\processed\1042_DFA_SAD_XX.npy,1042,DFA,SAD,XX,train
data\processed\1013_DFA_FEA_XX.npy,1013,DFA,FEA,XX,train
data\processed\1024_DFA_HAP_XX.npy,1024,DFA,HAP,XX,train
data\processed\1013_DFA_SAD_XX.npy,1013,DFA,SAD,XX,train
data\processed\1005_DFA_HAP_XX.npy,1005,DFA,HAP,XX,train
data\processed\1021_DFA_SAD_XX.npy,1021,DFA,SAD,XX,train
data\processed\1022_DFA_NEU_XX.npy,1022,DFA,NEU,XX,train
data\processed\1038_DFA_FEA_XX.npy,1038,DFA,FEA,XX,train
data\processed\1014_DFA_HAP_XX.npy,1014,DFA,HAP,XX,train
data\processed\1049_DFA_HAP_XX.npy,1049,DFA,HAP,XX,train
data\processed\1004_DFA_SAD_XX.npy,1004,DFA,SAD,XX,train
data\processed\1020_DFA_ANG_XX.npy,1020,DFA,ANG,XX,train
data\processed\1024_DFA_DIS_XX.npy,1024,DFA,DIS,XX,train
data\processed\1041_DFA_HAP_XX.npy,1041,DFA,HAP,XX,train
data\processed\1007_DFA_ANG_XX.npy,1007,DFA,ANG,XX,train
data\processed\1035_DFA_DIS_XX.npy,1035,DFA,DIS,XX,train
data\processed\1011_DFA_DIS_XX.npy,1011,DFA,DIS,XX,train
data\processed\1010_DFA_FEA_XX.npy,1010,DFA,FEA,XX,train
data\processed\1025_DFA_DIS_XX.npy,1025,DFA,DIS,XX,train
data\processed\1040_DFA_ANG_XX.npy,1040,DFA,ANG,XX,train
data\processed\1047_DFA_FEA_XX.npy,1047,DFA,FEA,XX,train
data\processed\1003_DFA_NEU_XX.npy,1003,DFA,NEU,XX,train
data\processed\1045_DFA_HAP_XX.npy,1045,DFA,HAP,XX,train
data\processed\1031_DFA_ANG_XX.npy,1031,DFA,ANG,XX,train
data\processed\1014_DFA_SAD_XX.npy,1014,DFA,SAD,XX,train
data\processed\1032_DFA_ANG_XX.npy,1032,DFA,ANG,XX,train
data\processed\1011_DFA_FEA_XX.npy,1011,DFA,FEA,XX,train
data\processed\1029_DFA_FEA_XX.npy,1029,DFA,FEA,XX,train
data\processed\1043_DFA_ANG_XX.npy,1043,DFA,ANG,XX,train
data\processed\1001_DFA_ANG_XX.npy,1001,DFA,ANG,XX,train
data\processed\1035_DFA_ANG_XX.npy,1035,DFA,ANG,XX,train
data\processed\1008_DFA_SAD_XX.npy,1008,DFA,SAD,XX,train
data\processed\1002_DFA_DIS_XX.npy,1002,DFA,DIS,XX,train
data\processed\1006_DFA_DIS_XX.npy,1006,DFA,DIS,XX,train
data\processed\1023_DFA_DIS_XX.npy,1023,DFA,DIS,XX,train
data\processed\1038_DFA_NEU_XX.npy,1038,DFA,NEU,XX,train
data\processed\1048_DFA_HAP_XX.npy,1048,DFA,HAP,XX,train
data\processed\1018_DFA_FEA_XX.npy,1018,DFA,FEA,XX,train
data\processed\1027_DFA_SAD_XX.npy,1027,DFA,SAD,XX,train
data\processed\1038_DFA_ANG_XX.npy,1038,DFA,ANG,XX,train
data\processed\1031_DFA_DIS_XX.npy,1031,DFA,DIS,XX,train
data\processed\1009_DFA_HAP_XX.npy,1009,DFA,HAP,XX,train
data\processed\1041_DFA_DIS_XX.npy,1041,DFA,DIS,XX,train
data\processed\1029_DFA_DIS_XX.npy,1029,DFA,DIS,XX,train
data\processed\1007_DFA_DIS_XX.npy,1007,DFA,DIS,XX,train
data\processed\1009_DFA_FEA_XX.npy,1009,DFA,FEA,XX,train
data\processed\1027_DFA_FEA_XX.npy,1027,DFA,FEA,XX,train
data\processed\1013_DFA_HAP_XX.npy,1013,DFA,HAP,XX,train
data\processed\1046_DFA_FEA_XX.npy,1046,DFA,FEA,XX,train
data\processed\1022_DFA_FEA_XX.npy,1022,DFA,FEA,XX,train
data\processed\1009_DFA_ANG_XX.npy,1009,DFA,ANG,XX,train
data\processed\1047_DFA_SAD_XX.npy,1047,DFA,SAD,XX,train
data\processed\1025_DFA_ANG_XX.npy,1025,DFA,ANG,XX,train
data\processed\1012_DFA_SAD_XX.npy,1012,DFA,SAD,XX,train
data\processed\1044_DFA_ANG_XX.npy,1044,DFA,ANG,XX,train
data\processed\1019_DFA_HAP_XX.npy,1019,DFA,HAP,XX,train
data\processed\1031_DFA_HAP_XX.npy,1031,DFA,HAP,XX,train
data\processed\1041_DFA_NEU_XX.npy,1041,DFA,NEU,XX,train
data\processed\1026_DFA_SAD_XX.npy,1026,DFA,SAD,XX,train
data\processed\1035_DFA_HAP_XX.npy,1035,DFA,HAP,XX,train
data\processed\1042_DFA_FEA_XX.npy,1042,DFA,FEA,XX,train
data\processed\1044_DFA_HAP_XX.npy,1044,DFA,HAP,XX,train
data\processed\1023_DFA_ANG_XX.npy,1023,DFA,ANG,XX,train
data\processed\1004_DFA_FEA_XX.npy,1004,DFA,FEA,XX,train
data\processed\1036_DFA_SAD_XX.npy,1036,DFA,SAD,XX,train
data\processed\1033_DFA_SAD_XX.npy,1033,DFA,SAD,XX,train
data\processed\1037_IEO_FEA_HI.npy,1037,IEO,FEA,HI,test
data\processed\1044_IEO_FEA_HI.npy,1044,IEO,FEA,HI,dev
data\processed\1034_IEO_FEA_HI.npy,1034,IEO,FEA,HI,dev
data\processed\1036_IEO_SAD_HI.npy,1036,IEO,SAD,HI,dev
data\processed\1020_IEO_NEU_XX.npy,1020,IEO,NEU,XX,dev
data\processed\1039_IEO_DIS_MD.npy,1039,IEO,DIS,MD,dev
data\processed\1033_IEO_FEA_MD.npy,1033,IEO,FEA,MD,dev
data\processed\1016_IEO_HAP_HI.npy,1016,IEO,HAP,HI,dev
data\processed\1037_IEO_DIS_HI.npy,1037,IEO,DIS,HI,dev
data\processed\1045_IEO_FEA_MD.npy,1045,IEO,FEA,MD,dev
data\processed\1037_IEO_HAP_LO.npy,1037,IEO,HAP,LO,dev
data\processed\1016_IEO_SAD_HI.npy,1016,IEO,SAD,HI,dev
data\processed\1008_IEO_DIS_LO.npy,1008,IEO,DIS,LO,dev
data\processed\1023_IEO_HAP_MD.npy,1023,IEO,HAP,MD,dev
data\processed\1030_IEO_HAP_MD.npy,1030,IEO,HAP,MD,dev
data\processed\1008_IEO_HAP_MD.npy,1008,IEO,HAP,MD,dev
data\processed\1038_IEO_HAP_MD.npy,1038,IEO,HAP,MD,dev
data\processed\1047_IEO_ANG_MD.npy,1047,IEO,ANG,MD,dev
data\processed\1013_IEO_SAD_HI.npy,1013,IEO,SAD,HI,dev
data\processed\1021_IEO_FEA_LO.npy,1021,IEO,FEA,LO,dev
data\processed\1018_IEO_ANG_HI.npy,1018,IEO,ANG,HI,dev
data\processed\1005_IEO_DIS_LO.npy,1005,IEO,DIS,LO,dev
data\processed\1005_IEO_SAD_HI.npy,1005,IEO,SAD,HI,dev
data\processed\1016_IEO_ANG_HI.npy,1016,IEO,ANG,HI,dev
data\processed\1016_IEO_DIS_HI.npy,1016,IEO,DIS,HI,dev
data\processed\1019_IEO_FEA_LO.npy,1019,IEO,FEA,LO,dev
data\processed\1007_IEO_NEU_XX.npy,1007,IEO,NEU,XX,dev
data\processed\1038_IEO_SAD_HI.npy,1038,IEO,SAD,HI,dev
data\processed\1031_IEO_SAD_MD.npy,1031,IEO,SAD,MD,dev
data\processed\1020_IEO_SAD_MD.npy,1020,IEO,SAD,MD,dev
data\processed\1030_IEO_ANG_HI.npy,1030,IEO,ANG,HI,dev
data\processed\1006_IEO_FEA_MD.npy,1006,IEO,FEA,MD,dev
data\processed\1002_IEO_FEA_MD.npy,1002,IEO,FEA,MD,dev
data\processed\1030_IEO_SAD_MD.npy,1030,IEO,SAD,MD,dev
data\processed\1031_IEO_ANG_HI.npy,1031,IEO,ANG,HI,dev
data\processed\1026_IEO_FEA_MD.npy,1026,IEO,FEA,MD,dev
data\processed\1009_IEO_SAD_LO.npy,1009,IEO,SAD,LO,dev
data\processed\1045_IEO_ANG_HI.npy,1045,IEO,ANG,HI,dev
data\processed\1018_IEO_HAP_LO.npy,1018,IEO,HAP,LO,dev
data\processed\1020_IEO_HAP_HI.npy,1020,IEO,HAP,HI,dev
data\processed\1011_IEO_SAD_HI.npy,1011,IEO,SAD,HI,dev
data\processed\1009_IEO_HAP_HI.npy,1009,IEO,HAP,HI,dev
data\processed\1046_IEO_DIS_HI.npy,1046,IEO,DIS,HI,dev
data\processed\1037_IEO_SAD_HI.npy,1037,IEO,SAD,HI,dev
data\processed\1012_IEO_DIS_HI.npy,1012,IEO,DIS,HI,dev
data\processed\1015_IEO_HAP_MD.npy,1015,IEO,HAP,MD,dev
data\processed\1027_IEO_FEA_HI.npy,1027,IEO,FEA,HI,dev
data\processed\1002_IEO_ANG_HI.npy,1002,IEO,ANG,HI,dev
data\processed\1027_IEO_SAD_HI.npy,1027,IEO,SAD,HI,dev
data\processed\1004_IEO_HAP_MD.npy,1004,IEO,HAP,MD,dev
data\processed\1024_IEO_DIS_HI.npy,1024,IEO,DIS,HI,dev
data\processed\1004_IEO_DIS_HI.npy,1004,IEO,DIS,HI,dev
data\processed\1024_IEO_HAP_LO.npy,1024,IEO,HAP,LO,dev
data\processed\1043_IEO_FEA_HI.npy,1043,IEO,FEA,HI,dev
data\processed\1029_IEO_FEA_MD.npy,1029,IEO,FEA,MD,dev
data\processed\1031_IEO_FEA_HI.npy,1031,IEO,FEA,HI,dev
data\processed\1032_IEO_FEA_MD.npy,1032,IEO,FEA,MD,dev
data\processed\1047_IEO_HAP_MD.npy,1047,IEO,HAP,MD,dev
data\processed\1024_IEO_DIS_LO.npy,1024,IEO,DIS,LO,dev
data\processed\1024_IEO_HAP_MD.npy,1024,IEO,HAP,MD,dev
data\processed\1020_IEO_FEA_LO.npy,1020,IEO,FEA,LO,dev
data\processed\1040_IEO_HAP_HI.npy,1040,IEO,HAP,HI,dev
data\processed\1006_IEO_ANG_MD.npy,1006,IEO,ANG,MD,dev
data\processed\1013_IEO_ANG_MD.npy,1013,IEO,ANG,MD,dev
data\processed\1016_IEO_FEA_HI.npy,1016,IEO,FEA,HI,dev
data\processed\1029_IEO_HAP_LO.npy,1029,IEO,HAP,LO,dev
data\processed\1004_IEO_FEA_HI.npy,1004,IEO,FEA,HI,dev
data\processed\1041_IEO_NEU_XX.npy,1041,IEO,NEU,XX,dev
data\processed\1036_IEO_FEA_HI.npy,1036,IEO,FEA,HI,dev
data\processed\1015_IEO_SAD_HI.npy,1015,IEO,SAD,HI,dev
data\processed\1039_IEO_SAD_MD.npy,1039,IEO,SAD,MD,dev
data\processed\1030_IEO_FEA_MD.npy,1030,IEO,FEA,MD,dev
data\processed\1018_IEO_NEU_XX.npy,1018,IEO,NEU,XX,dev
data\processed\1011_IEO_DIS_HI.npy,1011,IEO,DIS,HI,dev
data\processed\1032_IEO_DIS_MD.npy,1032,IEO,DIS,MD,dev
data\processed\1015_IEO_FEA_LO.npy,1015,IEO,FEA,LO,dev
data\processed\1028_IEO_HAP_LO.npy,1028,IEO,HAP,LO,dev
data\processed\1016_IEO_HAP_LO.npy,1016,IEO,HAP,LO,dev
data\processed\1002_IEO_HAP_MD.npy,1002,IEO,HAP,MD,train
data\processed\1004_IEO_NEU_XX.npy,1004,IEO,NEU,XX,train
data\processed\1043_IEO_HAP_HI.npy,1043,IEO,HAP,HI,train
data\processed\1029_IEO_HAP_HI.npy,1029,IEO,HAP,HI,train
data\processed\1035_IEO_SAD_LO.npy,1035,IEO,SAD,LO,train
data\processed\1033_IEO_DIS_HI.npy,1033,IEO,DIS,HI,train
data\processed\1041_IEO_DIS_LO.npy,1041,IEO,DIS,LO,train
data\processed\1005_IEO_FEA_HI.npy,1005,IEO,FEA,HI,train
data\processed\1033_IEO_SAD_LO.npy,1033,IEO,SAD,LO,train
data\processed\1042_IEO_FEA_LO.npy,1042,IEO,FEA,LO,train
data\processed\1024_IEO_ANG_HI.npy,1024,IEO,ANG,HI,train
data\processed\1033_IEO_DIS_LO.npy,1033,IEO,DIS,LO,train
data\processed\1027_IEO_SAD_LO.npy,1027,IEO,SAD,LO,train
data\processed\1010_IEO_DIS_HI.npy,1010,IEO,DIS,HI,train
data\processed\1041_IEO_HAP_HI.npy,1041,IEO,HAP,HI,train
data\processed\1016_IEO_SAD_MD.npy,1016,IEO,SAD,MD,train
data\processed\1003_IEO_SAD_HI.npy,1003,IEO,SAD,HI,train
data\processed\1021_IEO_FEA_MD.npy,1021,IEO,FEA,MD,train
data\processed\1030_IEO_DIS_HI.npy,1030,IEO,DIS,HI,train
data\processed\1037_IEO_HAP_HI.npy,1037,IEO,HAP,HI,train
data\processed\1019_IEO_ANG_HI.npy,1019,IEO,ANG,HI,train
data\processed\1017_IEO_FEA_MD.npy,1017,IEO,FEA,MD,train
data\processed\1013_IEO_DIS_MD.npy,1013,IEO,DIS,MD,train
data\processed\1029_IEO_FEA_LO.npy,1029,IEO,FEA,LO,train
data\processed\1031_IEO_SAD_LO.npy,1031,IEO,SAD,LO,train
data\processed\1031_IEO_HAP_MD.npy,1031,IEO,HAP,MD,train
data\processed\1029_IEO_FEA_HI.npy,1029,IEO,FEA,HI,train
data\processed\1037_IEO_FEA_LO.npy,1037,IEO,FEA,LO,train
data\processed\1008_IEO_ANG_HI.npy,1008,IEO,ANG,HI,train
data\processed\1040_IEO_SAD_HI.npy,1040,IEO,SAD,HI,train
data\processed\1001_IEO_FEA_LO.npy,1001,IEO,FEA,LO,train
data\processed\1020_IEO_ANG_HI.npy,1020,IEO,ANG,HI,train
data\processed\1037_IEO_HAP_MD.npy,1037,IEO,HAP,MD,train
data\processed\1029_IEO_DIS_LO.npy,1029,IEO,DIS,LO,train
data\processed\1048_IEO_HAP_MD.npy,1048,IEO,HAP,MD,train
data\processed\1047_IEO_FEA_LO.npy,1047,IEO,FEA,LO,train
data\processed\1032_IEO_ANG_HI.npy,1032,IEO,ANG,HI,train
data\processed\1044_IEO_ANG_MD.npy,1044,IEO,ANG,MD,train
data\processed\1008_IEO_DIS_HI.npy,1008,IEO,DIS,HI,train
data\processed\1040_IEO_NEU_XX.npy,1040,IEO,NEU,XX,train
data\processed\1011_IEO_HAP_HI.npy,1011,IEO,HAP,HI,train
data\processed\1030_IEO_HAP_HI.npy,1030,IEO,HAP,HI,train
data\processed\1035_IEO_ANG_MD.npy,1035,IEO,ANG,MD,train
data\processed\1011_IEO_FEA_MD.npy,1011,IEO,FEA,MD,train
data\processed\1039_IEO_ANG_LO.npy,1039,IEO,ANG,LO,train
data\processed\1002_IEO_HAP_HI.npy,1002,IEO,HAP,HI,train
data\processed\1019_IEO_FEA_HI.npy,1019,IEO,FEA,HI,train
data\processed\1040_IEO_FEA_HI.npy,1040,IEO,FEA,HI,train
data\processed\1006_IEO_SAD_HI.npy,1006,IEO,SAD,HI,train
data\processed\1032_IEO_ANG_MD.npy,1032,IEO,ANG,MD,train
data\processed\1012_IEO_FEA_MD.npy,1012,IEO,FEA,MD,train
data\processed\1007_IEO_SAD_HI.npy,1007,IEO,SAD,HI,train
data\processed\1035_IEO_ANG_HI.npy,1035,IEO,ANG,HI,train
data\processed\1030_IEO_HAP_LO.npy,1030,IEO,HAP,LO,train
data\processed\1031_IEO_DIS_HI.npy,1031,IEO,DIS,HI,train
data\processed\1017_IEO_SAD_HI.npy,1017,IEO,SAD,HI,train
data\processed\1014_IEO_HAP_MD.npy,1014,IEO,HAP,MD,train
data\processed\1033_IEO_ANG_LO.npy,1033,IEO,ANG,LO,train
data\processed\1022_IEO_SAD_LO.npy,1022,IEO,SAD,LO,train
data\processed\1011_IEO_DIS_MD.npy,1011,IEO,DIS,MD,train
data\processed\1009_IEO_NEU_XX.npy,1009,IEO,NEU,XX,train
data\processed\1045_IEO_DIS_HI.npy,1045,IEO,DIS,HI,train
data\processed\1032_IEO_SAD_MD.npy,1032,IEO,SAD,MD,train
data\processed\1010_IEO_DIS_LO.npy,1010,IEO,DIS,LO,train
data\processed\1039_IEO_DIS_HI.npy,1039,IEO,DIS,HI,train
data\processed\1049_IEO_DIS_MD.npy,1049,IEO,DIS,MD,train
data\processed\1021_IEO_ANG_HI.npy,1021,IEO,ANG,HI,train
data\processed\1007_IEO_ANG_MD.npy,1007,IEO,ANG,MD,train
data\processed\1006_IEO_DIS_LO.npy,1006,IEO,DIS,LO,train
data\processed\1028_IEO_NEU_XX.npy,1028,IEO,NEU,XX,train
data\processed\1044_IEO_SAD_MD.npy,1044,IEO,SAD,MD,train
data\processed\1017_IEO_SAD_MD.npy,1017,IEO,SAD,MD,train
data\processed\1033_IEO_FEA_HI.npy,1033,IEO,FEA,HI,train
data\processed\1034_IEO_HAP_MD.npy,1034,IEO,HAP,MD,train
data\processed\1041_IEO_DIS_HI.npy,1041,IEO,DIS,HI,train
data\processed\1011_IEO_SAD_MD.npy,1011,IEO,SAD,MD,train
data\processed\1018_IEO_ANG_MD.npy,1018,IEO,ANG,MD,train
data\processed\1014_IEO_ANG_HI.npy,1014,IEO,ANG,HI,train
data\processed\1005_IEO_DIS_MD.npy,1005,IEO,DIS,MD,train
data\processed\1029_IEO_SAD_HI.npy,1029,IEO,SAD,HI,train
data\processed\1044_IEO_ANG_LO.npy,1044,IEO,ANG,LO,train
data\processed\1021_IEO_SAD_LO.npy,1021,IEO,SAD,LO,train
data\processed\1036_IEO_DIS_HI.npy,1036,IEO,DIS,HI,train
data\processed\1025_IEO_FEA_HI.npy,1025,IEO,FEA,HI,train
data\processed\1043_IEO_FEA_LO.npy,1043,IEO,FEA,LO,train
data\processed\1017_IEO_DIS_MD.npy,1017,IEO,DIS,MD,train
data\processed\1018_IEO_FEA_LO.npy,1018,IEO,FEA,LO,train
data\processed\1009_IEO_FEA_HI.npy,1009,IEO,FEA,HI,train
data\processed\1049_IEO_FEA_HI.npy,1049,IEO,FEA,HI,train
data\processed\1041_IEO_HAP_MD.npy,1041,IEO,HAP,MD,train
data\processed\1008_IEO_FEA_MD.npy,1008,IEO,FEA,MD,train
data\processed\1021_IEO_SAD_MD.npy,1021,IEO,SAD,MD,train
data\processed\1001_IEO_FEA_HI.npy,1001,IEO,FEA,HI,train
data\processed\1046_IEO_ANG_LO.npy,1046,IEO,ANG,LO,train
data\processed\1037_IEO_NEU_XX.npy,1037,IEO,NEU,XX,train
data\processed\1029_IEO_ANG_MD.npy,1029,IEO,ANG,MD,train
data\processed\1048_IEO_FEA_HI.npy,1048,IEO,FEA,HI,train
data\processed\1041_IEO_SAD_HI.npy,1041,IEO,SAD,HI,train
data\processed\1036_IEO_ANG_HI.npy,1036,IEO,ANG,HI,train
data\processed\1029_IEO_ANG_LO.npy,1029,IEO,ANG,LO,train
data\processed\1033_IEO_SAD_MD.npy,1033,IEO,SAD,MD,train
data\processed\1026_IEO_HAP_LO.npy,1026,IEO,HAP,LO,train
data\processed\1028_IEO_SAD_MD.npy,1028,IEO,SAD,MD,train
data\processed\1006_IEO_ANG_LO.npy,1006,IEO,ANG,LO,train
data\processed\1009_IEO_ANG_HI.npy,1009,IEO,ANG,HI,train
data\processed\1046_IEO_FEA_LO.npy,1046,IEO,FEA,LO,train
data\processed\1008_IEO_SAD_HI.npy,1008,IEO,SAD,HI,train
data\processed\1008_IEO_HAP_LO.npy,1008,IEO,HAP,LO,train
data\processed\1021_IEO_DIS_LO.npy,1021,IEO,DIS,LO,train
data\processed\1023_IEO_FEA_MD.npy,1023,IEO,FEA,MD,train
data\processed\1038_IEO_NEU_XX.npy,1038,IEO,NEU,XX,train
data\processed\1043_IEO_DIS_HI.npy,1043,IEO,DIS,HI,train
data\processed\1016_IEO_NEU_XX.npy,1016,IEO,NEU,XX,train
data\processed\1005_IEO_NEU_XX.npy,1005,IEO,NEU,XX,train
data\processed\1023_IEO_NEU_XX.npy,1023,IEO,NEU,XX,train
data\processed\1030_IEO_FEA_HI.npy,1030,IEO,FEA,HI,train
data\processed\1017_IEO_ANG_MD.npy,1017,IEO,ANG,MD,train
data\processed\1041_IEO_ANG_HI.npy,1041,IEO,ANG,HI,train
data\processed\1033_IEO_NEU_XX.npy,1033,IEO,NEU,XX,train
data\processed\1048_IEO_FEA_MD.npy,1048,IEO,FEA,MD,train
data\processed\1029_IEO_NEU_XX.npy,1029,IEO,NEU,XX,train
data\processed\1018_IEO_FEA_HI.npy,1018,IEO,FEA,HI,train
data\processed\1028_IEO_FEA_LO.npy,1028,IEO,FEA,LO,train
data\processed\1002_IEO_SAD_MD.npy,1002,IEO,SAD,MD,train
data\processed\1040_IEO_ANG_HI.npy,1040,IEO,ANG,HI,train
data\processed\1003_IEO_DIS_HI.npy,1003,IEO,DIS,HI,train
data\processed\1017_IEO_ANG_HI.npy,1017,IEO,ANG,HI,train
data\processed\1010_IEO_ANG_LO.npy,1010,IEO,ANG,LO,train
data\processed\1045_IEO_ANG_MD.npy,1045,IEO,ANG,MD,train
data\processed\1008_IEO_ANG_LO.npy,1008,IEO,ANG,LO,train
data\processed\1046_IEO_DIS_LO.npy,1046,IEO,DIS,LO,train
data\processed\1005_IEO_FEA_LO.npy,1005,IEO,FEA,LO,train
data\processed\1044_IEO_DIS_LO.npy,1044,IEO,DIS,LO,train
data\processed\1013_IEO_FEA_LO.npy,1013,IEO,FEA,LO,train
data\processed\1020_IEO_SAD_HI.npy,1020,IEO,SAD,HI,train
data\processed\1036_IEO_FEA_MD.npy,1036,IEO,FEA,MD,train
data\processed\1009_IEO_HAP_MD.npy,1009,IEO,HAP,MD,train
data\processed\1011_IEO_ANG_MD.npy,1011,IEO,ANG,MD,train
data\processed\1007_IEO_HAP_HI.npy,1007,IEO,HAP,HI,train
data\processed\1002_IEO_HAP_LO.npy,1002,IEO,HAP,LO,train
data\processed\1015_IEO_SAD_LO.npy,1015,IEO,SAD,LO,train
data\processed\1027_IEO_HAP_LO.npy,1027,IEO,HAP,LO,train
data\processed\1011_IEO_ANG_HI.npy,1011,IEO,ANG,HI,train
data\processed\1044_IEO_NEU_XX.npy,1044,IEO,NEU,XX,train
data\processed\1010_IEO_ANG_MD.npy,1010,IEO,ANG,MD,train
data\processed\1036_IEO_DIS_LO.npy,1036,IEO,DIS,LO,train
data\processed\1042_IEO_FEA_HI.npy,1042,IEO,FEA,HI,train
data\processed\1041_IEO_DIS_MD.npy,1041,IEO,DIS,MD,train
data\processed\1027_IEO_SAD_MD.npy,1027,IEO,SAD,MD,train
data\processed\1015_IEO_HAP_LO.npy,1015,IEO,HAP,LO,train
data\processed\1023_IEO_SAD_LO.npy,1023,IEO,SAD,LO,train
data\processed\1002_IEO_ANG_LO.npy,1002,IEO,ANG,LO,train
data\processed\1047_IEO_HAP_HI.npy,1047,IEO,HAP,HI,train
data\processed\1049_IEO_ANG_LO.npy,1049,IEO,ANG,LO,train
data\processed\1023_IEO_ANG_HI.npy,1023,IEO,ANG,HI,train
data\processed\1025_IEO_ANG_LO.npy,1025,IEO,ANG,LO,train
data\processed\1038_IEO_SAD_LO.npy,1038,IEO,SAD,LO,train
data\processed\1033_IEO_ANG_HI.npy,1033,IEO,ANG,HI,train
data\processed\1032_IEO_ANG_LO.npy,1032,IEO,ANG,LO,train
data\processed\1006_IEO_FEA_LO.npy,1006,IEO,FEA,LO,train
data\processed\1047_IEO_SAD_LO.npy,1047,IEO,SAD,LO,train
data\processed\1045_IEO_NEU_XX.npy,1045,IEO,NEU,XX,train
data\processed\1038_IEO_HAP_LO.npy,1038,IEO,HAP,LO,train
data\processed\1028_IEO_FEA_HI.npy,1028,IEO,FEA,HI,train
data\processed\1002_IEO_ANG_MD.npy,1002,IEO,ANG,MD,train
data\processed\1038_IEO_DIS_LO.npy,1038,IEO,DIS,LO,train
data\processed\1002_IEO_DIS_MD.npy,1002,IEO,DIS,MD,train
data\processed\1018_IEO_DIS_HI.npy,1018,IEO,DIS,HI,train
data\processed\1027_IEO_FEA_LO.npy,1027,IEO,FEA,LO,train
data\processed\1019_IEO_ANG_MD.npy,1019,IEO,ANG,MD,train
data\processed\1043_IEO_ANG_HI.npy,1043,IEO,ANG,HI,train
data\processed\1013_IEO_ANG_LO.npy,1013,IEO,ANG,LO,train
data\processed\1014_IEO_SAD_MD.npy,1014,IEO,SAD,MD,train
data\processed\1018_IEO_SAD_MD.npy,1018,IEO,SAD,MD,train
data\processed\1006_IEO_HAP_LO.npy,1006,IEO,HAP,LO,train
data\processed\1022_IEO_HAP_MD.npy,1022,IEO,HAP,MD,train
data\processed\1012_IEO_SAD_MD.npy,1012,IEO,SAD,MD,train
data\processed\1030_IEO_DIS_LO.npy,1030,IEO,DIS,LO,train
data\processed\1043_IEO_DIS_LO.npy,1043,IEO,DIS,LO,train
data\processed\1039_IEO_HAP_HI.npy,1039,IEO,HAP,HI,train
data\processed\1048_IEO_SAD_HI.npy,1048,IEO,SAD,HI,train
data\processed\1009_IEO_DIS_HI.npy,1009,IEO,DIS,HI,train
data\processed\1018_IEO_FEA_MD.npy,1018,IEO,FEA,MD,train
data\processed\1029_IEO_DIS_MD.npy,1029,IEO,DIS,MD,train
data\processed\1009_IEO_HAP_LO.npy,1009,IEO,HAP,LO,train
data\processed\1004_IEO_SAD_HI.npy,1004,IEO,SAD,HI,train
data\processed\1001_IEO_HAP_MD.npy,1001,IEO,HAP,MD,train
data\processed\1009_IEO_SAD_MD.npy,1009,IEO,SAD,MD,train
data\processed\1013_IEO_SAD_MD.npy,1013,IEO,SAD,MD,train
data\processed\1033_IEO_HAP_MD.npy,1033,IEO,HAP,MD,train
data\processed\1026_IEO_HAP_MD.npy,1026,IEO,HAP,MD,train
data\processed\1028_IEO_HAP_MD.npy,1028,IEO,HAP,MD,train
data\processed\1034_IEO_NEU_XX.npy,1034,IEO,NEU,XX,train
data\processed\1014_IEO_HAP_HI.npy,1014,IEO,HAP,HI,train
data\processed\1027_IEO_DIS_LO.npy,1027,IEO,DIS,LO,train
data\processed\1039_IEO_DIS_LO.npy,1039,IEO,DIS,LO,train
data\processed\1028_IEO_ANG_HI.npy,1028,IEO,ANG,HI,train
data\processed\1049_IEO_FEA_MD.npy,1049,IEO,FEA,MD,train
data\processed\1043_IEO_FEA_MD.npy,1043,IEO,FEA,MD,train
data\processed\1024_IEO_SAD_MD.npy,1024,IEO,SAD,MD,train
data\processed\1019_IEO_HAP_MD.npy,1019,IEO,HAP,MD,train
data\processed\1015_IEO_DIS_MD.npy,1015,IEO,DIS,MD,train
data\processed\1035_IEO_FEA_LO.npy,1035,IEO,FEA,LO,train
data\processed\1043_IEO_HAP_LO.npy,1043,IEO,HAP,LO,train
data\processed\1020_IEO_DIS_LO.npy,1020,IEO,DIS,LO,train
data\processed\1016_IEO_FEA_LO.npy,1016,IEO,FEA,LO,train
data\processed\1003_IEO_NEU_XX.npy,1003,IEO,NEU,XX,train
data\processed\1015_IEO_NEU_XX.npy,1015,IEO,NEU,XX,train
data\processed\1030_IEO_NEU_XX.npy,1030,IEO,NEU,XX,train
data\processed\1023_IEO_FEA_LO.npy,1023,IEO,FEA,LO,train
data\processed\1040_IEO_SAD_LO.npy,1040,IEO,SAD,LO,train
data\processed\1011_IEO_SAD_LO.npy,1011,IEO,SAD,LO,train
data\processed\1025_IEO_ANG_MD.npy,1025,IEO,ANG,MD,train
data\processed\1008_IEO_SAD_LO.npy,1008,IEO,SAD,LO,train
data\processed\1046_IEO_FEA_HI.npy,1046,IEO,FEA,HI,train
data\processed\1039_IEO_NEU_XX.npy,1039,IEO,NEU,XX,train
data\processed\1038_IEO_ANG_LO.npy,1038,IEO,ANG,LO,train
data\processed\1023_IEO_DIS_LO.npy,1023,IEO,DIS,LO,train
data\processed\1013_IEO_NEU_XX.npy,1013,IEO,NEU,XX,train
data\processed\1027_IEO_ANG_HI.npy,1027,IEO,ANG,HI,train
data\processed\1044_IEO_FEA_MD.npy,1044,IEO,FEA,MD,train
data\processed\1047_IEO_FEA_HI.npy,1047,IEO,FEA,HI,train
data\processed\1024_IEO_DIS_MD.npy,1024,IEO,DIS,MD,train
data\processed\1045_IEO_HAP_LO.npy,1045,IEO,HAP,LO,train
data\processed\1004_IEO_FEA_LO.npy,1004,IEO,FEA,LO,train
data\processed\1029_IEO_ANG_HI.npy,1029,IEO,ANG,HI,train
data\processed\1003_IEO_SAD_LO.npy,1003,IEO,SAD,LO,train
data\processed\1016_IEO_ANG_LO.npy,1016,IEO,ANG,LO,train
data\processed\1042_IEO_DIS_MD.npy,1042,IEO,DIS,MD,train
data\processed\1022_IEO_DIS_HI.npy,1022,IEO,DIS,HI,train
data\processed\1025_IEO_DIS_MD.npy,1025,IEO,DIS,MD,train
data\processed\1040_IEO_SAD_MD.npy,1040,IEO,SAD,MD,train
data\processed\1036_IEO_NEU_XX.npy,1036,IEO,NEU,XX,train
data\processed\1021_IEO_FEA_HI.npy,1021,IEO,FEA,HI,train
data\processed\1001_IEO_DIS_LO.npy,1001,IEO,DIS,LO,train
data\processed\1014_IEO_ANG_LO.npy,1014,IEO,ANG,LO,train
data\processed\1048_IEO_FEA_LO.npy,1048,IEO,FEA,LO,train
data\processed\1002_IEO_SAD_HI.npy,1002,IEO,SAD,HI,train
data\processed\1017_IEO_SAD_LO.npy,1017,IEO,SAD,LO,train
data\processed\1012_IEO_SAD_HI.npy,1012,IEO,SAD,HI,train
data\processed\1048_IEO_ANG_LO.npy,1048,IEO,ANG,LO,train
data\processed\1043_IEO_ANG_LO.npy,1043,IEO,ANG,LO,train
data\processed\1034_IEO_ANG_LO.npy,1034,IEO,ANG,LO,train
data\processed\1012_IEO_DIS_MD.npy,1012,IEO,DIS,MD,train
data\processed\1046_IEO_SAD_MD.npy,1046,IEO,SAD,MD,train
data\processed\1027_IEO_NEU_XX.npy,1027,IEO,NEU,XX,train
data\processed\1019_IEO_SAD_LO.npy,1019,IEO,SAD,LO,train
data\processed\1045_IEO_DIS_MD.npy,1045,IEO,DIS,MD,train
data\processed\1026_IEO_SAD_HI.npy,1026,IEO,SAD,HI,train
data\processed\1032_IEO_NEU_XX.npy,1032,IEO,NEU,XX,train
data\processed\1044_IEO_SAD_HI.npy,1044,IEO,SAD,HI,train
data\processed\1028_IEO_DIS_HI.npy,1028,IEO,DIS,HI,train
data\processed\1043_IEO_HAP_MD.npy,1043,IEO,HAP,MD,train
data\processed\1003_IEO_DIS_MD.npy,1003,IEO,DIS,MD,train
data\processed\1003_IEO_FEA_LO.npy,1003,IEO,FEA,LO,train
data\processed\1013_IEO_HAP_HI.npy,1013,IEO,HAP,HI,train
data\processed\1001_IEO_HAP_LO.npy,1001,IEO,HAP,LO,train
data\processed\1037_IEO_ANG_HI.npy,1037,IEO,ANG,HI,train
data\processed\1035_IEO_ANG_LO.npy,1035,IEO,ANG,LO,train
data\processed\1002_IEO_FEA_LO.npy,1002,IEO,FEA,LO,train
data\processed\1014_IEO_FEA_HI.npy,1014,IEO,FEA,HI,train
data\processed\1040_IEO_DIS_LO.npy,1040,IEO,DIS,LO,train
data\processed\1039_IEO_FEA_HI.npy,1039,IEO,FEA,HI,train
data\processed\1028_IEO_DIS_MD.npy,1028,IEO,DIS,MD,train
data\processed\1049_IEO_DIS_HI.npy,1049,IEO,DIS,HI,train
data\processed\1008_IEO_NEU_XX.npy,1008,IEO,NEU,XX,train
data\processed\1035_IEO_DIS_HI.npy,1035,IEO,DIS,HI,train
data\processed\1011_IEO_ANG_LO.npy,1011,IEO,ANG,LO,train
data\processed\1008_IEO_ANG_MD.npy,1008,IEO,ANG,MD,train
data\processed\1005_IEO_ANG_HI.npy,1005,IEO,ANG,HI,train
data\processed\1005_IEO_HAP_MD.npy,1005,IEO,HAP,MD,train
data\processed\1013_IEO_ANG_HI.npy,1013,IEO,ANG,HI,train
data\processed\1006_IEO_ANG_HI.npy,1006,IEO,ANG,HI,train
data\processed\1010_IEO_SAD_HI.npy,1010,IEO,SAD,HI,train
data\processed\1019_IEO_HAP_HI.npy,1019,IEO,HAP,HI,train
data\processed\1018_IEO_ANG_LO.npy,1018,IEO,ANG,LO,train
data\processed\1004_IEO_DIS_LO.npy,1004,IEO,DIS,LO,train
data\processed\1038_IEO_SAD_MD.npy,1038,IEO,SAD,MD,train
data\processed\1019_IEO_SAD_MD.npy,1019,IEO,SAD,MD,train
data\processed\1006_IEO_SAD_LO.npy,1006,IEO,SAD,LO,train
data\processed\1037_IEO_SAD_MD.npy,1037,IEO,SAD,MD,train
data\processed\1038_IEO_ANG_MD.npy,1038,IEO,ANG,MD,train
data\processed\1018_IEO_HAP_MD.npy,1018,IEO,HAP,MD,train
data\processed\1031_IEO_DIS_LO.npy,1031,IEO,DIS,LO,train
data\processed\1039_IEO_HAP_MD.npy,1039,IEO,HAP,MD,train
data\processed\1016_IEO_ANG_MD.npy,1016,IEO,ANG,MD,train
data\processed\1011_IEO_HAP_MD.npy,1011,IEO,HAP,MD,train
data\processed\1012_IEO_HAP_HI.npy,1012,IEO,HAP,HI,train
data\processed\1036_IEO_FEA_LO.npy,1036,IEO,FEA,LO,train
data\processed\1049_IEO_HAP_HI.npy,1049,IEO,HAP,HI,train
data\processed\1005_IEO_ANG_MD.npy,1005,IEO,ANG,MD,train
data\processed\1044_IEO_FEA_LO.npy,1044,IEO,FEA,LO,train
data\processed\1023_IEO_HAP_LO.npy,1023,IEO,HAP,LO,train
data\processed\1030_IEO_ANG_LO.npy,1030,IEO,ANG,LO,train
data\processed\1043_IEO_SAD_MD.npy,1043,IEO,SAD,MD,train
data\processed\1004_IEO_HAP_HI.npy,1004,IEO,HAP,HI,train
data\processed\1015_IEO_FEA_MD.npy,1015,IEO,FEA,MD,train
data\processed\1045_IEO_DIS_LO.npy,1045,IEO,DIS,LO,train
data\processed\1043_IEO_SAD_LO.npy,1043,IEO,SAD,LO,train
data\processed\1008_IEO_FEA_LO.npy,1008,IEO,FEA,LO,train
data\processed\1035_IEO_DIS_MD.npy,1035,IEO,DIS,MD,train
data\processed\1001_IEO_NEU_XX.npy,1001,IEO,NEU,XX,train
data\processed\1023_IEO_ANG_LO.npy,1023,IEO,ANG,LO,train
data\processed\1012_IEO_NEU_XX.npy,1012,IEO,NEU,XX,train
data\processed\1033_IEO_HAP_HI.npy,1033,IEO,HAP,HI,train
data\processed\1001_IEO_DIS_HI.npy,1001,IEO,DIS,HI,train
data\processed\1024_IEO_SAD_LO.npy,1024,IEO,SAD,LO,train
data\processed\1031_IEO_FEA_MD.npy,1031,IEO,FEA,MD,train
data\processed\1024_IEO_FEA_HI.npy,1024,IEO,FEA,HI,train
data\processed\1022_IEO_FEA_MD.npy,1022,IEO,FEA,MD,train
data\processed\1022_IEO_ANG_LO.npy,1022,IEO,ANG,LO,train
data\processed\1007_IEO_FEA_MD.npy,1007,IEO,FEA,MD,train
data\processed\1001_IEO_ANG_LO.npy,1001,IEO,ANG,LO,train
data\processed\1007_IEO_HAP_LO.npy,1007,IEO,HAP,LO,train
data\processed\1005_IEO_HAP_HI.npy,1005,IEO,HAP,HI,train
data\processed\1020_IEO_ANG_LO.npy,1020,IEO,ANG,LO,train
data\processed\1049_IEO_FEA_LO.npy,1049,IEO,FEA,LO,train
data\processed\1012_IEO_HAP_MD.npy,1012,IEO,HAP,MD,train
data\processed\1046_IEO_FEA_MD.npy,1046,IEO,FEA,MD,train
data\processed\1001_IEO_DIS_MD.npy,1001,IEO,DIS,MD,train
data\processed\1006_IEO_HAP_MD.npy,1006,IEO,HAP,MD,train
data\processed\1012_IEO_ANG_MD.npy,1012,IEO,ANG,MD,train
data\processed\1012_IEO_ANG_HI.npy,1012,IEO,ANG,HI,train
data\processed\1043_IEO_NEU_XX.npy,1043,IEO,NEU,XX,train
data\processed\1023_IEO_ANG_MD.npy,1023,IEO,ANG,MD,train
data\processed\1044_IEO_ANG_HI.npy,1044,IEO,ANG,HI,train
data\processed\1036_IEO_HAP_LO.npy,1036,IEO,HAP,LO,train
data\processed\1033_IEO_HAP_LO.npy,1033,IEO,HAP,LO,train
data\processed\1012_IEO_DIS_LO.npy,1012,IEO,DIS,LO,train
data\processed\1046_IEO_NEU_XX.npy,1046,IEO,NEU,XX,train
data\processed\1009_IEO_ANG_LO.npy,1009,IEO,ANG,LO,train
data\processed\1044_IEO_HAP_LO.npy,1044,IEO,HAP,LO,train
data\processed\1011_IEO_FEA_HI.npy,1011,IEO,FEA,HI,train
data\processed\1016_IEO_SAD_LO.npy,1016,IEO,SAD,LO,train
data\processed\1027_IEO_ANG_MD.npy,1027,IEO,ANG,MD,train
data\processed\1014_IEO_DIS_MD.npy,1014,IEO,DIS,MD,train
data\processed\1043_IEO_ANG_MD.npy,1043,IEO,ANG,MD,train
data\processed\1014_IEO_NEU_XX.npy,1014,IEO,NEU,XX,train
data\processed\1015_IEO_DIS_LO.npy,1015,IEO,DIS,LO,train
data\processed\1026_IEO_DIS_MD.npy,1026,IEO,DIS,MD,train
data\processed\1036_IEO_SAD_MD.npy,1036,IEO,SAD,MD,train
data\processed\1046_IEO_SAD_HI.npy,1046,IEO,SAD,HI,train
data\processed\1005_IEO_SAD_MD.npy,1005,IEO,SAD,MD,train
data\processed\1025_IEO_NEU_XX.npy,1025,IEO,NEU,XX,train
data\processed\1027_IEO_HAP_HI.npy,1027,IEO,HAP,HI,train
data\processed\1004_IEO_ANG_MD.npy,1004,IEO,ANG,MD,train
data\processed\1003_IEO_ANG_HI.npy,1003,IEO,ANG,HI,train
data\processed\1046_IEO_HAP_HI.npy,1046,IEO,HAP,HI,train
data\processed\1038_IEO_FEA_MD.npy,1038,IEO,FEA,MD,train
data\processed\1039_IEO_SAD_HI.npy,1039,IEO,SAD,HI,train
data\processed\1014_IEO_FEA_MD.npy,1014,IEO,FEA,MD,train
data\processed\1019_IEO_ANG_LO.npy,1019,IEO,ANG,LO,train
data\processed\1014_IEO_HAP_LO.npy,1014,IEO,HAP,LO,train
data\processed\1005_IEO_HAP_LO.npy,1005,IEO,HAP,LO,train
data\processed\1004_IEO_HAP_LO.npy,1004,IEO,HAP,LO,train
data\processed\1010_IEO_NEU_XX.npy,1010,IEO,NEU,XX,train
data\processed\1017_IEO_DIS_HI.npy,1017,IEO,DIS,HI,train
data\processed\1014_IEO_FEA_LO.npy,1014,IEO,FEA,LO,train
data\processed\1034_IEO_SAD_MD.npy,1034,IEO,SAD,MD,train
data\processed\1023_IEO_DIS_MD.npy,1023,IEO,DIS,MD,train
data\processed\1017_IEO_ANG_LO.npy,1017,IEO,ANG,LO,train
data\processed\1025_IEO_SAD_MD.npy,1025,IEO,SAD,MD,train
data\processed\1021_IEO_ANG_LO.npy,1021,IEO,ANG,LO,train
data\processed\1027_IEO_DIS_HI.npy,1027,IEO,DIS,HI,train
data\processed\1032_IEO_FEA_HI.npy,1032,IEO,FEA,HI,train
data\processed\1003_IEO_SAD_MD.npy,1003,IEO,SAD,MD,train
data\processed\1040_IEO_FEA_MD.npy,1040,IEO,FEA,MD,train
data\processed\1007_IEO_SAD_LO.npy,1007,IEO,SAD,LO,train
data\processed\1019_IEO_DIS_LO.npy,1019,IEO,DIS,LO,train
data\processed\1019_IEO_DIS_HI.npy,1019,IEO,DIS,HI,train
data\processed\1045_IEO_FEA_LO.npy,1045,IEO,FEA,LO,train
data\processed\1017_IEO_HAP_LO.npy,1017,IEO,HAP,LO,train
data\processed\1001_IEO_SAD_HI.npy,1001,IEO,SAD,HI,train
data\processed\1034_IEO_FEA_MD.npy,1034,IEO,FEA,MD,train
data\processed\1016_IEO_FEA_MD.npy,1016,IEO,FEA,MD,train
data\processed\1036_IEO_DIS_MD.npy,1036,IEO,DIS,MD,train
data\processed\1048_IEO_DIS_HI.npy,1048,IEO,DIS,HI,train
data\processed\1042_IEO_NEU_XX.npy,1042,IEO,NEU,XX,train
data\processed\1036_IEO_ANG_MD.npy,1036,IEO,ANG,MD,train
data\processed\1047_IEO_ANG_LO.npy,1047,IEO,ANG,LO,train
data\processed\1046_IEO_ANG_HI.npy,1046,IEO,ANG,HI,train
data\processed\1015_IEO_HAP_HI.npy,1015,IEO,HAP,HI,train
data\processed\1007_IEO_ANG_LO.npy,1007,IEO,ANG,LO,train
data\processed\1039_IEO_FEA_LO.npy,1039,IEO,FEA,LO,train
data\processed\1012_IEO_SAD_LO.npy,1012,IEO,SAD,LO,train
data\processed\1015_IEO_DIS_HI.npy,1015,IEO,DIS,HI,train
data\processed\1013_IEO_FEA_MD.npy,1013,IEO,FEA,MD,train
data\processed\1026_IEO_ANG_HI.npy,1026,IEO,ANG,HI,train
data\processed\1047_IEO_DIS_MD.npy,1047,IEO,DIS,MD,train
data\processed\1007_IEO_ANG_HI.npy,1007,IEO,ANG,HI,train
data\processed\1026_IEO_ANG_MD.npy,1026,IEO,ANG,MD,train
data\processed\1028_IEO_FEA_MD.npy,1028,IEO,FEA,MD,train
data\processed\1047_IEO_ANG_HI.npy,1047,IEO,ANG,HI,train
data\processed\1047_IEO_HAP_LO.npy,1047,IEO,HAP,LO,train
data\processed\1026_IEO_SAD_LO.npy,1026,IEO,SAD,LO,train
data\processed\1038_IEO_DIS_HI.npy,1038,IEO,DIS,HI,train
data\processed\1028_IEO_SAD_LO.npy,1028,IEO,SAD,LO,train
data\processed\1046_IEO_ANG_MD.npy,1046,IEO,ANG,MD,train
data\processed\1035_IEO_SAD_HI.npy,1035,IEO,SAD,HI,train
data\processed\1010_IEO_FEA_HI.npy,1010,IEO,FEA,HI,train
data\processed\1026_IEO_HAP_HI.npy,1026,IEO,HAP,HI,train
data\processed\1013_IEO_FEA_HI.npy,1013,IEO,FEA,HI,train
data\processed\1030_IEO_ANG_MD.npy,1030,IEO,ANG,MD,train
data\processed\1040_IEO_FEA_LO.npy,1040,IEO,FEA,LO,train
data\processed\1028_IEO_ANG_MD.npy,1028,IEO,ANG,MD,train
data\processed\1041_IEO_HAP_LO.npy,1041,IEO,HAP,LO,train
data\processed\1037_IEO_SAD_LO.npy,1037,IEO,SAD,LO,train
data\processed\1020_IEO_SAD_LO.npy,1020,IEO,SAD,LO,train
data\processed\1023_IEO_SAD_HI.npy,1023,IEO,SAD,HI,train
data\processed\1022_IEO_SAD_HI.npy,1022,IEO,SAD,HI,train
data\processed\1040_IEO_DIS_MD.npy,1040,IEO,DIS,MD,train
data\processed\1021_IEO_SAD_HI.npy,1021,IEO,SAD,HI,train
data\processed\1011_IEO_NEU_XX.npy,1011,IEO,NEU,XX,train
data\processed\1030_IEO_SAD_LO.npy,1030,IEO,SAD,LO,train
data\processed\1021_IEO_DIS_HI.npy,1021,IEO,DIS,HI,train
data\processed\1020_IEO_HAP_LO.npy,1020,IEO,HAP,LO,train
data\processed\1035_IEO_HAP_HI.npy,1035,IEO,HAP,HI,train
data\processed\1040_IEO_ANG_LO.npy,1040,IEO,ANG,LO,train
data\processed\1020_IEO_FEA_MD.npy,1020,IEO,FEA,MD,train
data\processed\1002_IEO_SAD_LO.npy,1002,IEO,SAD,LO,train
data\processed\1029_IEO_DIS_HI.npy,1029,IEO,DIS,HI,train
data\processed\1034_IEO_DIS_LO.npy,1034,IEO,DIS,LO,train
data\processed\1016_IEO_HAP_MD.npy,1016,IEO,HAP,MD,train
data\processed\1025_IEO_SAD_LO.npy,1025,IEO,SAD,LO,train
data\processed\1035_IEO_HAP_LO.npy,1035,IEO,HAP,LO,train
data\processed\1026_IEO_ANG_LO.npy,1026,IEO,ANG,LO,train
data\processed\1040_IEO_HAP_LO.npy,1040,IEO,HAP,LO,train
data\processed\1007_IEO_DIS_HI.npy,1007,IEO,DIS,HI,train
data\processed\1012_IEO_ANG_LO.npy,1012,IEO,ANG,LO,train
data\processed\1021_IEO_NEU_XX.npy,1021,IEO,NEU,XX,train
data\processed\1048_IEO_ANG_MD.npy,1048,IEO,ANG,MD,train
data\processed\1023_IEO_FEA_HI.npy,1023,IEO,FEA,HI,train
data\processed\1004_IEO_DIS_MD.npy,1004,IEO,DIS,MD,train
data\processed\1021_IEO_HAP_MD.npy,1021,IEO,HAP,MD,train
data\processed\1009_IEO_FEA_LO.npy,1009,IEO,FEA,LO,train
data\processed\1003_IEO_ANG_LO.npy,1003,IEO,ANG,LO,train
data\processed\1035_IEO_FEA_MD.npy,1035,IEO,FEA,MD,train
data\processed\1033_IEO_SAD_HI.npy,1033,IEO,SAD,HI,train
data\processed\1031_IEO_ANG_MD.npy,1031,IEO,ANG,MD,train
data\processed\1007_IEO_FEA_LO.npy,1007,IEO,FEA,LO,train
data\processed\1004_IEO_ANG_HI.npy,1004,IEO,ANG,HI,train
data\processed\1039_IEO_FEA_MD.npy,1039,IEO,FEA,MD,train
data\processed\1025_IEO_HAP_MD.npy,1025,IEO,HAP,MD,train
data\processed\1030_IEO_SAD_HI.npy,1030,IEO,SAD,HI,train
data\processed\1041_IEO_FEA_MD.npy,1041,IEO,FEA,MD,train
data\processed\1027_IEO_DIS_MD.npy,1027,IEO,DIS,MD,train
data\processed\1023_IEO_HAP_HI.npy,1023,IEO,HAP,HI,train
data\processed\1010_IEO_HAP_MD.npy,1010,IEO,HAP,MD,train
data\processed\1048_IEO_DIS_LO.npy,1048,IEO,DIS,LO,train
data\processed\1032_IEO_FEA_LO.npy,1032,IEO,FEA,LO,train
data\processed\1010_IEO_ANG_HI.npy,1010,IEO,ANG,HI,train
data\processed\1035_IEO_NEU_XX.npy,1035,IEO,NEU,XX,train
data\processed\1043_IEO_DIS_MD.npy,1043,IEO,DIS,MD,train
data\processed\1038_IEO_ANG_HI.npy,1038,IEO,ANG,HI,train
data\processed\1004_IEO_FEA_MD.npy,1004,IEO,FEA,MD,train
data\processed\1022_IEO_FEA_HI.npy,1022,IEO,FEA,HI,train
data\processed\1019_IEO_DIS_MD.npy,1019,IEO,DIS,MD,train
data\processed\1016_IEO_DIS_LO.npy,1016,IEO,DIS,LO,train
data\processed\1009_IEO_ANG_MD.npy,1009,IEO,ANG,MD,train
data\processed\1044_IEO_SAD_LO.npy,1044,IEO,SAD,LO,train
data\processed\1004_IEO_SAD_MD.npy,1004,IEO,SAD,MD,train
data\processed\1025_IEO_FEA_MD.npy,1025,IEO,FEA,MD,train
data\processed\1025_IEO_HAP_HI.npy,1025,IEO,HAP,HI,train
data\processed\1027_IEO_ANG_LO.npy,1027,IEO,ANG,LO,train
data\processed\1020_IEO_FEA_HI.npy,1020,IEO,FEA,HI,train
data\processed\1017_IEO_NEU_XX.npy,1017,IEO,NEU,XX,train
data\processed\1032_IEO_HAP_HI.npy,1032,IEO,HAP,HI,train
data\processed\1037_IEO_DIS_LO.npy,1037,IEO,DIS,LO,train
data\processed\1022_IEO_DIS_LO.npy,1022,IEO,DIS,LO,train
data\processed\1017_IEO_DIS_LO.npy,1017,IEO,DIS,LO,train
data\processed\1033_IEO_FEA_LO.npy,1033,IEO,FEA,LO,train
data\processed\1042_IEO_HAP_MD.npy,1042,IEO,HAP,MD,train
data\processed\1048_IEO_HAP_HI.npy,1048,IEO,HAP,HI,train
data\processed\1001_IEO_ANG_HI.npy,1001,IEO,ANG,HI,train
data\processed\1002_IEO_DIS_LO.npy,1002,IEO,DIS,LO,train
data\processed\1015_IEO_SAD_MD.npy,1015,IEO,SAD,MD,train
data\processed\1025_IEO_SAD_HI.npy,1025,IEO,SAD,HI,train
data\processed\1031_IEO_SAD_HI.npy,1031,IEO,SAD,HI,train
data\processed\1027_IEO_HAP_MD.npy,1027,IEO,HAP,MD,train
data\processed\1035_IEO_DIS_LO.npy,1035,IEO,DIS,LO,train
data\processed\1041_IEO_FEA_LO.npy,1041,IEO,FEA,LO,train
data\processed\1014_IEO_DIS_HI.npy,1014,IEO,DIS,HI,train
data\processed\1047_IEO_SAD_HI.npy,1047,IEO,SAD,HI,train
data\processed\1005_IEO_SAD_LO.npy,1005,IEO,SAD,LO,train
data\processed\1034_IEO_ANG_MD.npy,1034,IEO,ANG,MD,train
data\processed\1006_IEO_NEU_XX.npy,1006,IEO,NEU,XX,train
data\processed\1003_IEO_ANG_MD.npy,1003,IEO,ANG,MD,train
data\processed\1033_IEO_ANG_MD.npy,1033,IEO,ANG,MD,train
data\processed\1034_IEO_SAD_LO.npy,1034,IEO,SAD,LO,train
data\processed\1025_IEO_FEA_LO.npy,1025,IEO,FEA,LO,train
data\processed\1033_IEO_DIS_MD.npy,1033,IEO,DIS,MD,train
data\processed\1024_IEO_NEU_XX.npy,1024,IEO,NEU,XX,train
data\processed\1030_IEO_FEA_LO.npy,1030,IEO,FEA,LO,train
data\processed\1010_IEO_FEA_MD.npy,1010,IEO,FEA,MD,train
data\processed\1011_IEO_DIS_LO.npy,1011,IEO,DIS,LO,train
data\processed\1022_IEO_ANG_MD.npy,1022,IEO,ANG,MD,train
data\processed\1041_IEO_FEA_HI.npy,1041,IEO,FEA,HI,train
data\processed\1001_IEO_SAD_MD.npy,1001,IEO,SAD,MD,train
data\processed\1020_IEO_DIS_HI.npy,1020,IEO,DIS,HI,train
data\processed\1047_IEO_DIS_HI.npy,1047,IEO,DIS,HI,train
data\processed\1009_IEO_DIS_MD.npy,1009,IEO,DIS,MD,train
data\processed\1015_IEO_FEA_HI.npy,1015,IEO,FEA,HI,train
data\processed\1037_IEO_FEA_MD.npy,1037,IEO,FEA,MD,train
data\processed\1003_IEO_FEA_MD.npy,1003,IEO,FEA,MD,train
data\processed\1034_IEO_ANG_HI.npy,1034,IEO,ANG,HI,train
data\processed\1042_IEO_ANG_LO.npy,1042,IEO,ANG,LO,train
data\processed\1042_IEO_ANG_MD.npy,1042,IEO,ANG,MD,train
data\processed\1031_IEO_ANG_LO.npy,1031,IEO,ANG,LO,train
data\processed\1019_IEO_SAD_HI.npy,1019,IEO,SAD,HI,train
data\processed\1025_IEO_DIS_LO.npy,1025,IEO,DIS,LO,train
data\processed\1042_IEO_HAP_HI.npy,1042,IEO,HAP,HI,train
data\processed\1017_IEO_FEA_LO.npy,1017,IEO,FEA,LO,train
data\processed\1039_IEO_ANG_HI.npy,1039,IEO,ANG,HI,train
data\processed\1034_IEO_HAP_HI.npy,1034,IEO,HAP,HI,train
data\processed\1048_IEO_HAP_LO.npy,1048,IEO,HAP,LO,train
data\processed\1021_IEO_HAP_HI.npy,1021,IEO,HAP,HI,train
data\processed\1021_IEO_DIS_MD.npy,1021,IEO,DIS,MD,train
data\processed\1022_IEO_NEU_XX.npy,1022,IEO,NEU,XX,train
data\processed\1045_IEO_HAP_MD.npy,1045,IEO,HAP,MD,train
data\processed\1015_IEO_ANG_HI.npy,1015,IEO,ANG,HI,train
data\processed\1035_IEO_HAP_MD.npy,1035,IEO,HAP,MD,train
data\processed\1040_IEO_DIS_HI.npy,1040,IEO,DIS,HI,train
data\processed\1045_IEO_SAD_HI.npy,1045,IEO,SAD,HI,train
data\processed\1032_IEO_SAD_LO.npy,1032,IEO,SAD,LO,train
data\processed\1021_IEO_HAP_LO.npy,1021,IEO,HAP,LO,train
data\processed\1032_IEO_HAP_MD.npy,1032,IEO,HAP,MD,train
data\processed\1047_IEO_NEU_XX.npy,1047,IEO,NEU,XX,train
data\processed\1048_IEO_DIS_MD.npy,1048,IEO,DIS,MD,train
data\processed\1026_IEO_SAD_MD.npy,1026,IEO,SAD,MD,train
data\processed\1037_IEO_ANG_LO.npy,1037,IEO,ANG,LO,train
data\processed\1010_IEO_FEA_LO.npy,1010,IEO,FEA,LO,train
data\processed\1032_IEO_DIS_HI.npy,1032,IEO,DIS,HI,train
data\processed\1039_IEO_ANG_MD.npy,1039,IEO,ANG,MD,train
data\processed\1039_IEO_HAP_LO.npy,1039,IEO,HAP,LO,train
data\processed\1045_IEO_HAP_HI.npy,1045,IEO,HAP,HI,train
data\processed\1035_IEO_SAD_MD.npy,1035,IEO,SAD,MD,train
data\processed\1024_IEO_ANG_MD.npy,1024,IEO,ANG,MD,train
data\processed\1025_IEO_DIS_HI.npy,1025,IEO,DIS,HI,train
data\processed\1046_IEO_DIS_MD.npy,1046,IEO,DIS,MD,train
data\processed\1042_IEO_ANG_HI.npy,1042,IEO,ANG,HI,train
data\processed\1007_IEO_HAP_MD.npy,1007,IEO,HAP,MD,train
data\processed\1010_IEO_DIS_MD.npy,1010,IEO,DIS,MD,train
data\processed\1014_IEO_SAD_HI.npy,1014,IEO,SAD,HI,train
data\processed\1046_IEO_HAP_MD.npy,1046,IEO,HAP,MD,train
data\processed\1045_IEO_SAD_MD.npy,1045,IEO,SAD,MD,train
data\processed\1047_IEO_SAD_MD.npy,1047,IEO,SAD,MD,train
data\processed\1026_IEO_FEA_LO.npy,1026,IEO,FEA,LO,train
data\processed\1042_IEO_SAD_LO.npy,1042,IEO,SAD,LO,train
data\processed\1049_IEO_ANG_HI.npy,1049,IEO,ANG,HI,train
data\processed\1013_IEO_SAD_LO.npy,1013,IEO,SAD,LO,train
data\processed\1029_IEO_SAD_LO.npy,1029,IEO,SAD,LO,train
data\processed\1034_IEO_HAP_LO.npy,1034,IEO,HAP,LO,train
data\processed\1002_IEO_NEU_XX.npy,1002,IEO,NEU,XX,train
data\processed\1005_IEO_ANG_LO.npy,1005,IEO,ANG,LO,train
data\processed\1044_IEO_DIS_MD.npy,1044,IEO,DIS,MD,train
data\processed\1023_IEO_SAD_MD.npy,1023,IEO,SAD,MD,train
data\processed\1013_IEO_DIS_LO.npy,1013,IEO,DIS,LO,train
data\processed\1028_IEO_HAP_HI.npy,1028,IEO,HAP,HI,train
data\processed\1048_IEO_SAD_LO.npy,1048,IEO,SAD,LO,train
data\processed\1038_IEO_FEA_LO.npy,1038,IEO,FEA,LO,train
data\processed\1017_IEO_HAP_MD.npy,1017,IEO,HAP,MD,train
data\processed\1015_IEO_ANG_LO.npy,1015,IEO,ANG,LO,train
data\processed\1024_IEO_HAP_HI.npy,1024,IEO,HAP,HI,train
data\processed\1006_IEO_DIS_MD.npy,1006,IEO,DIS,MD,train
data\processed\1028_IEO_ANG_LO.npy,1028,IEO,ANG,LO,train
data\processed\1014_IEO_SAD_LO.npy,1014,IEO,SAD,LO,train
data\processed\1038_IEO_FEA_HI.npy,1038,IEO,FEA,HI,train
data\processed\1032_IEO_DIS_LO.npy,1032,IEO,DIS,LO,train
data\processed\1029_IEO_HAP_MD.npy,1029,IEO,HAP,MD,train
data\processed\1044_IEO_HAP_MD.npy,1044,IEO,HAP,MD,train
data\processed\1034_IEO_DIS_HI.npy,1034,IEO,DIS,HI,train
data\processed\1036_IEO_HAP_HI.npy,1036,IEO,HAP,HI,train
data\processed\1026_IEO_DIS_HI.npy,1026,IEO,DIS,HI,train
data\processed\1049_IEO_ANG_MD.npy,1049,IEO,ANG,MD,train
data\processed\1001_IEO_FEA_MD.npy,1001,IEO,FEA,MD,train
data\processed\1025_IEO_HAP_LO.npy,1025,IEO,HAP,LO,train
data\processed\1004_IEO_SAD_LO.npy,1004,IEO,SAD,LO,train
data\processed\1015_IEO_ANG_MD.npy,1015,IEO,ANG,MD,train
data\processed\1013_IEO_HAP_LO.npy,1013,IEO,HAP,LO,train
data\processed\1006_IEO_FEA_HI.npy,1006,IEO,FEA,HI,train
data\processed\1005_IEO_DIS_HI.npy,1005,IEO,DIS,HI,train
data\processed\1006_IEO_HAP_HI.npy,1006,IEO,HAP,HI,train
data\processed\1041_IEO_SAD_LO.npy,1041,IEO,SAD,LO,train
data\processed\1046_IEO_HAP_LO.npy,1046,IEO,HAP,LO,train
data\processed\1037_IEO_ANG_MD.npy,1037,IEO,ANG,MD,train
data\processed\1041_IEO_ANG_LO.npy,1041,IEO,ANG,LO,train
data\processed\1011_IEO_HAP_LO.npy,1011,IEO,HAP,LO,train
data\processed\1010_IEO_SAD_MD.npy,1010,IEO,SAD,MD,train
data\processed\1022_IEO_FEA_LO.npy,1022,IEO,FEA,LO,train
data\processed\1043_IEO_SAD_HI.npy,1043,IEO,SAD,HI,train
data\processed\1003_IEO_FEA_HI.npy,1003,IEO,FEA,HI,train
data\processed\1028_IEO_DIS_LO.npy,1028,IEO,DIS,LO,train
data\processed\1032_IEO_SAD_HI.npy,1032,IEO,SAD,HI,train
data\processed\1048_IEO_ANG_HI.npy,1048,IEO,ANG,HI,train
data\processed\1031_IEO_HAP_LO.npy,1031,IEO,HAP,LO,train
data\processed\1008_IEO_SAD_MD.npy,1008,IEO,SAD,MD,train
data\processed\1022_IEO_SAD_MD.npy,1022,IEO,SAD,MD,train
data\processed\1045_IEO_FEA_HI.npy,1045,IEO,FEA,HI,train
data\processed\1031_IEO_DIS_MD.npy,1031,IEO,DIS,MD,train
data\processed\1031_IEO_NEU_XX.npy,1031,IEO,NEU,XX,train
data\processed\1036_IEO_SAD_LO.npy,1036,IEO,SAD,LO,train
data\processed\1007_IEO_DIS_MD.npy,1007,IEO,DIS,MD,train
data\processed\1007_IEO_SAD_MD.npy,1007,IEO,SAD,MD,train
data\processed\1027_IEO_FEA_MD.npy,1027,IEO,FEA,MD,train
data\processed\1020_IEO_ANG_MD.npy,1020,IEO,ANG,MD,train
data\processed\1022_IEO_ANG_HI.npy,1022,IEO,ANG,HI,train
data\processed\1026_IEO_NEU_XX.npy,1026,IEO,NEU,XX,train
data\processed\1048_IEO_NEU_XX.npy,1048,IEO,NEU,XX,train
data\processed\1005_IEO_FEA_MD.npy,1005,IEO,FEA,MD,train
data\processed\1034_IEO_FEA_LO.npy,1034,IEO,FEA,LO,train
data\processed\1012_IEO_FEA_LO.npy,1012,IEO,FEA,LO,train
data\processed\1020_IEO_HAP_MD.npy,1020,IEO,HAP,MD,train
data\processed\1004_IEO_ANG_LO.npy,1004,IEO,ANG,LO,train
data\processed\1016_IEO_DIS_MD.npy,1016,IEO,DIS,MD,train
data\processed\1031_IEO_HAP_HI.npy,1031,IEO,HAP,HI,train
data\processed\1047_IEO_FEA_MD.npy,1047,IEO,FEA,MD,train
data\processed\1019_IEO_NEU_XX.npy,1019,IEO,NEU,XX,train
data\processed\1009_IEO_DIS_LO.npy,1009,IEO,DIS,LO,train
data\processed\1036_IEO_ANG_LO.npy,1036,IEO,ANG,LO,train
data\processed\1026_IEO_DIS_LO.npy,1026,IEO,DIS,LO,train
data\processed\1024_IEO_ANG_LO.npy,1024,IEO,ANG,LO,train
data\processed\1019_IEO_FEA_MD.npy,1019,IEO,FEA,MD,train
data\processed\1038_IEO_DIS_MD.npy,1038,IEO,DIS,MD,train
data\processed\1010_IEO_HAP_HI.npy,1010,IEO,HAP,HI,train
data\processed\1011_IEO_FEA_LO.npy,1011,IEO,FEA,LO,train
data\processed\1018_IEO_DIS_LO.npy,1018,IEO,DIS,LO,train
data\processed\1003_IEO_HAP_LO.npy,1003,IEO,HAP,LO,train
data\processed\1003_IEO_DIS_LO.npy,1003,IEO,DIS,LO,train
data\processed\1040_IEO_HAP_MD.npy,1040,IEO,HAP,MD,train
data\processed\1022_IEO_HAP_LO.npy,1022,IEO,HAP,LO,train
data\processed\1006_IEO_SAD_MD.npy,1006,IEO,SAD,MD,train
data\processed\1024_IEO_FEA_MD.npy,1024,IEO,FEA,MD,train
data\processed\1022_IEO_HAP_HI.npy,1022,IEO,HAP,HI,train
data\processed\1022_IEO_DIS_MD.npy,1022,IEO,DIS,MD,train
data\processed\1018_IEO_DIS_MD.npy,1018,IEO,DIS,MD,train
data\processed\1010_IEO_HAP_LO.npy,1010,IEO,HAP,LO,train
data\processed\1009_IEO_SAD_HI.npy,1009,IEO,SAD,HI,train
data\processed\1001_IEO_HAP_HI.npy,1001,IEO,HAP,HI,train
data\processed\1019_IEO_HAP_LO.npy,1019,IEO,HAP,LO,train
data\processed\1038_IEO_HAP_HI.npy,1038,IEO,HAP,HI,train
data\processed\1025_IEO_ANG_HI.npy,1025,IEO,ANG,HI,train
data\processed\1014_IEO_DIS_LO.npy,1014,IEO,DIS,LO,train
data\processed\1012_IEO_FEA_HI.npy,1012,IEO,FEA,HI,train
data\processed\1035_IEO_FEA_HI.npy,1035,IEO,FEA,HI,train
data\processed\1024_IEO_SAD_HI.npy,1024,IEO,SAD,HI,train
data\processed\1028_IEO_SAD_HI.npy,1028,IEO,SAD,HI,train
data\processed\1041_IEO_SAD_MD.npy,1041,IEO,SAD,MD,train
data\processed\1030_IEO_DIS_MD.npy,1030,IEO,DIS,MD,train
data\processed\1042_IEO_DIS_HI.npy,1042,IEO,DIS,HI,train
data\processed\1032_IEO_HAP_LO.npy,1032,IEO,HAP,LO,train
data\processed\1042_IEO_SAD_MD.npy,1042,IEO,SAD,MD,train
data\processed\1048_IEO_SAD_MD.npy,1048,IEO,SAD,MD,train
data\processed\1045_IEO_SAD_LO.npy,1045,IEO,SAD,LO,train
data\processed\1047_IEO_DIS_LO.npy,1047,IEO,DIS,LO,train
data\processed\1037_IEO_DIS_MD.npy,1037,IEO,DIS,MD,train
data\processed\1024_IEO_FEA_LO.npy,1024,IEO,FEA,LO,train
data\processed\1021_IEO_ANG_MD.npy,1021,IEO,ANG,MD,train
data\processed\1036_IEO_HAP_MD.npy,1036,IEO,HAP,MD,train
data\processed\1017_IEO_HAP_HI.npy,1017,IEO,HAP,HI,train
data\processed\1044_IEO_HAP_HI.npy,1044,IEO,HAP,HI,train
data\processed\1014_IEO_ANG_MD.npy,1014,IEO,ANG,MD,train
data\processed\1003_IEO_HAP_HI.npy,1003,IEO,HAP,HI,train
data\processed\1003_IEO_HAP_MD.npy,1003,IEO,HAP,MD,train
data\processed\1002_IEO_DIS_HI.npy,1002,IEO,DIS,HI,train
data\processed\1018_IEO_SAD_HI.npy,1018,IEO,SAD,HI,train
data\processed\1010_IEO_SAD_LO.npy,1010,IEO,SAD,LO,train
data\processed\1008_IEO_DIS_MD.npy,1008,IEO,DIS,MD,train
data\processed\1023_IEO_DIS_HI.npy,1023,IEO,DIS,HI,train
data\processed\1042_IEO_DIS_LO.npy,1042,IEO,DIS,LO,train
data\processed\1042_IEO_HAP_LO.npy,1042,IEO,HAP,LO,train
data\processed\1034_IEO_DIS_MD.npy,1034,IEO,DIS,MD,train
data\processed\1042_IEO_SAD_HI.npy,1042,IEO,SAD,HI,train
data\processed\1009_IEO_FEA_MD.npy,1009,IEO,FEA,MD,train
data\processed\1017_IEO_FEA_HI.npy,1017,IEO,FEA,HI,train
data\processed\1008_IEO_FEA_HI.npy,1008,IEO,FEA,HI,train
data\processed\1029_IEO_SAD_MD.npy,1029,IEO,SAD,MD,train
data\processed\1018_IEO_HAP_HI.npy,1018,IEO,HAP,HI,train
data\processed\1002_IEO_FEA_HI.npy,1002,IEO,FEA,HI,train
data\processed\1006_IEO_DIS_HI.npy,1006,IEO,DIS,HI,train
data\processed\1041_IEO_ANG_MD.npy,1041,IEO,ANG,MD,train
data\processed\1026_IEO_FEA_HI.npy,1026,IEO,FEA,HI,train
data\processed\1031_IEO_FEA_LO.npy,1031,IEO,FEA,LO,train
data\processed\1007_IEO_FEA_HI.npy,1007,IEO,FEA,HI,train
data\processed\1012_IEO_HAP_LO.npy,1012,IEO,HAP,LO,train
data\processed\1045_IEO_ANG_LO.npy,1045,IEO,ANG,LO,train
data\processed\1018_IEO_SAD_LO.npy,1018,IEO,SAD,LO,train
data\processed\1020_IEO_DIS_MD.npy,1020,IEO,DIS,MD,train
data\processed\1013_IEO_HAP_MD.npy,1013,IEO,HAP,MD,train
data\processed\1042_IEO_FEA_MD.npy,1042,IEO,FEA,MD,train
data\processed\1039_IEO_SAD_LO.npy,1039,IEO,SAD,LO,train
data\processed\1008_IEO_HAP_HI.npy,1008,IEO,HAP,HI,train
data\processed\1013_IEO_DIS_HI.npy,1013,IEO,DIS,HI,train
data\processed\1007_IEO_DIS_LO.npy,1007,IEO,DIS,LO,train
data\processed\1040_IEO_ANG_MD.npy,1040,IEO,ANG,MD,train
data\processed\1034_IEO_SAD_HI.npy,1034,IEO,SAD,HI,train
data\processed\1044_IEO_DIS_HI.npy,1044,IEO,DIS,HI,train
data\processed\1001_IEO_ANG_MD.npy,1001,IEO,ANG,MD,train
data\processed\1049_IEO_DIS_LO.npy,1049,IEO,DIS,LO,train
data\processed\1046_IEO_SAD_LO.npy,1046,IEO,SAD,LO,train
data\processed\1001_IEO_SAD_LO.npy,1001,IEO,SAD,LO,train
data\processed\1039_IOM_DIS_XX.npy,1039,IOM,DIS,XX,test
data\processed\1005_IOM_NEU_XX.npy,1005,IOM,NEU,XX,dev
data\processed\1019_IOM_FEA_XX.npy,1019,IOM,FEA,XX,dev
data\processed\1005_IOM_FEA_XX.npy,1005,IOM,FEA,XX,dev
data\processed\1028_IOM_NEU_XX.npy,1028,IOM,NEU,XX,dev
data\processed\1024_IOM_FEA_XX.npy,1024,IOM,FEA,XX,dev
data\processed\1038_IOM_DIS_XX.npy,1038,IOM,DIS,XX,dev
data\processed\1007_IOM_NEU_XX.npy,1007,IOM,NEU,XX,dev
data\processed\1012_IOM_DIS_XX.npy,1012,IOM,DIS,XX,dev
data\processed\1011_IOM_FEA_XX.npy,1011,IOM,FEA,XX,dev
data\processed\1029_IOM_ANG_XX.npy,1029,IOM,ANG,XX,dev
data\processed\1005_IOM_ANG_XX.npy,1005,IOM,ANG,XX,dev
data\processed\1015_IOM_DIS_XX.npy,1015,IOM,DIS,XX,dev
data\processed\1015_IOM_SAD_XX.npy,1015,IOM,SAD,XX,dev
data\processed\1019_IOM_ANG_XX.npy,1019,IOM,ANG,XX,dev
data\processed\1028_IOM_FEA_XX.npy,1028,IOM,FEA,XX,dev
data\processed\1031_IOM_NEU_XX.npy,1031,IOM,NEU,XX,dev
data\processed\1009_IOM_HAP_XX.npy,1009,IOM,HAP,XX,dev
data\processed\1007_IOM_DIS_XX.npy,1007,IOM,DIS,XX,dev
data\processed\1030_IOM_SAD_XX.npy,1030,IOM,SAD,XX,dev
data\processed\1013_IOM_NEU_XX.npy,1013,IOM,NEU,XX,dev
data\processed\1017_IOM_DIS_XX.npy,1017,IOM,DIS,XX,dev
data\processed\1048_IOM_DIS_XX.npy,1048,IOM,DIS,XX,dev
data\processed\1020_IOM_HAP_XX.npy,1020,IOM,HAP,XX,dev
data\processed\1020_IOM_SAD_XX.npy,1020,IOM,SAD,XX,dev
data\processed\1004_IOM_SAD_XX.npy,1004,IOM,SAD,XX,dev
data\processed\1045_IOM_ANG_XX.npy,1045,IOM,ANG,XX,dev
data\processed\1020_IOM_DIS_XX.npy,1020,IOM,DIS,XX,dev
data\processed\1018_IOM_HAP_XX.npy,1018,IOM,HAP,XX,dev
data\processed\1039_IOM_HAP_XX.npy,1039,IOM,HAP,XX,train
data\processed\1043_IOM_DIS_XX.npy,1043,IOM,DIS,XX,train
data\processed\1002_IOM_DIS_XX.npy,1002,IOM,DIS,XX,train
data\processed\1008_IOM_NEU_XX.npy,1008,IOM,NEU,XX,train
data\processed\1021_IOM_ANG_XX.npy,1021,IOM,ANG,XX,train
data\processed\1021_IOM_DIS_XX.npy,1021,IOM,DIS,XX,train
data\processed\1039_IOM_NEU_XX.npy,1039,IOM,NEU,XX,train
data\processed\1033_IOM_SAD_XX.npy,1033,IOM,SAD,XX,train
data\processed\1007_IOM_ANG_XX.npy,1007,IOM,ANG,XX,train
data\processed\1034_IOM_SAD_XX.npy,1034,IOM,SAD,XX,train
data\processed\1042_IOM_ANG_XX.npy,1042,IOM,ANG,XX,train
data\processed\1027_IOM_FEA_XX.npy,1027,IOM,FEA,XX,train
data\processed\1040_IOM_DIS_XX.npy,1040,IOM,DIS,XX,train
data\processed\1033_IOM_DIS_XX.npy,1033,IOM,DIS,XX,train
data\processed\1046_IOM_FEA_XX.npy,1046,IOM,FEA,XX,train
data\processed\1012_IOM_NEU_XX.npy,1012,IOM,NEU,XX,train
data\processed\1027_IOM_ANG_XX.npy,1027,IOM,ANG,XX,train
data\processed\1044_IOM_NEU_XX.npy,1044,IOM,NEU,XX,train
data\processed\1017_IOM_HAP_XX.npy,1017,IOM,HAP,XX,train
data\processed\1046_IOM_HAP_XX.npy,1046,IOM,HAP,XX,train
data\processed\1013_IOM_HAP_XX.npy,1013,IOM,HAP,XX,train
data\processed\1005_IOM_DIS_XX.npy,1005,IOM,DIS,XX,train
data\processed\1025_IOM_HAP_XX.npy,1025,IOM,HAP,XX,train
data\processed\1008_IOM_SAD_XX.npy,1008,IOM,SAD,XX,train
data\processed\1031_IOM_DIS_XX.npy,1031,IOM,DIS,XX,train
data\processed\1045_IOM_HAP_XX.npy,1045,IOM,HAP,XX,train
data\processed\1035_IOM_NEU_XX.npy,1035,IOM,NEU,XX,train
data\processed\1019_IOM_DIS_XX.npy,1019,IOM,DIS,XX,train
data\processed\1005_IOM_SAD_XX.npy,1005,IOM,SAD,XX,train
data\processed\1026_IOM_HAP_XX.npy,1026,IOM,HAP,XX,train
data\processed\1014_IOM_NEU_XX.npy,1014,IOM,NEU,XX,train
data\processed\1015_IOM_FEA_XX.npy,1015,IOM,FEA,XX,train
data\processed\1034_IOM_NEU_XX.npy,1034,IOM,NEU,XX,train
data\processed\1042_IOM_HAP_XX.npy,1042,IOM,HAP,XX,train
data\processed\1032_IOM_ANG_XX.npy,1032,IOM,ANG,XX,train
data\processed\1024_IOM_SAD_XX.npy,1024,IOM,SAD,XX,train
data\processed\1022_IOM_SAD_XX.npy,1022,IOM,SAD,XX,train
data\processed\1018_IOM_NEU_XX.npy,1018,IOM,NEU,XX,train
data\processed\1037_IOM_SAD_XX.npy,1037,IOM,SAD,XX,train
data\processed\1006_IOM_FEA_XX.npy,1006,IOM,FEA,XX,train
data\processed\1017_IOM_ANG_XX.npy,1017,IOM,ANG,XX,train
data\processed\1035_IOM_ANG_XX.npy,1035,IOM,ANG,XX,train
data\processed\1041_IOM_NEU_XX.npy,1041,IOM,NEU,XX,train
data\processed\1003_IOM_DIS_XX.npy,1003,IOM,DIS,XX,train
data\processed\1029_IOM_FEA_XX.npy,1029,IOM,FEA,XX,train
data\processed\1036_IOM_HAP_XX.npy,1036,IOM,HAP,XX,train
data\processed\1013_IOM_SAD_XX.npy,1013,IOM,SAD,XX,train
data\processed\1012_IOM_SAD_XX.npy,1012,IOM,SAD,XX,train
data\processed\1029_IOM_HAP_XX.npy,1029,IOM,HAP,XX,train
data\processed\1001_IOM_FEA_XX.npy,1001,IOM,FEA,XX,train
data\processed\1043_IOM_ANG_XX.npy,1043,IOM,ANG,XX,train
data\processed\1019_IOM_SAD_XX.npy,1019,IOM,SAD,XX,train
data\processed\1042_IOM_FEA_XX.npy,1042,IOM,FEA,XX,train
data\processed\1044_IOM_ANG_XX.npy,1044,IOM,ANG,XX,train
data\processed\1002_IOM_NEU_XX.npy,1002,IOM,NEU,XX,train
data\processed\1030_IOM_DIS_XX.npy,1030,IOM,DIS,XX,train
data\processed\1047_IOM_HAP_XX.npy,1047,IOM,HAP,XX,train
data\processed\1023_IOM_NEU_XX.npy,1023,IOM,NEU,XX,train
data\processed\1030_IOM_ANG_XX.npy,1030,IOM,ANG,XX,train
data\processed\1038_IOM_FEA_XX.npy,1038,IOM,FEA,XX,train
data\processed\1011_IOM_NEU_XX.npy,1011,IOM,NEU,XX,train
data\processed\1001_IOM_ANG_XX.npy,1001,IOM,ANG,XX,train
data\processed\1004_IOM_HAP_XX.npy,1004,IOM,HAP,XX,train
data\processed\1009_IOM_DIS_XX.npy,1009,IOM,DIS,XX,train
data\processed\1018_IOM_FEA_XX.npy,1018,IOM,FEA,XX,train
data\processed\1041_IOM_FEA_XX.npy,1041,IOM,FEA,XX,train
data\processed\1040_IOM_NEU_XX.npy,1040,IOM,NEU,XX,train
data\processed\1023_IOM_SAD_XX.npy,1023,IOM,SAD,XX,train
data\processed\1032_IOM_NEU_XX.npy,1032,IOM,NEU,XX,train
data\processed\1037_IOM_DIS_XX.npy,1037,IOM,DIS,XX,train
data\processed\1026_IOM_ANG_XX.npy,1026,IOM,ANG,XX,train
data\processed\1016_IOM_NEU_XX.npy,1016,IOM,NEU,XX,train
data\processed\1038_IOM_HAP_XX.npy,1038,IOM,HAP,XX,train
data\processed\1012_IOM_FEA_XX.npy,1012,IOM,FEA,XX,train
data\processed\1031_IOM_SAD_XX.npy,1031,IOM,SAD,XX,train
data\processed\1018_IOM_SAD_XX.npy,1018,IOM,SAD,XX,train
data\processed\1001_IOM_DIS_XX.npy,1001,IOM,DIS,XX,train
data\processed\1027_IOM_HAP_XX.npy,1027,IOM,HAP,XX,train
data\processed\1048_IOM_HAP_XX.npy,1048,IOM,HAP,XX,train
data\processed\1046_IOM_ANG_XX.npy,1046,IOM,ANG,XX,train
data\processed\1017_IOM_NEU_XX.npy,1017,IOM,NEU,XX,train
data\processed\1036_IOM_NEU_XX.npy,1036,IOM,NEU,XX,train
data\processed\1008_IOM_ANG_XX.npy,1008,IOM,ANG,XX,train
data\processed\1037_IOM_ANG_XX.npy,1037,IOM,ANG,XX,train
data\processed\1004_IOM_NEU_XX.npy,1004,IOM,NEU,XX,train
data\processed\1036_IOM_ANG_XX.npy,1036,IOM,ANG,XX,train
data\processed\1035_IOM_FEA_XX.npy,1035,IOM,FEA,XX,train
data\processed\1004_IOM_ANG_XX.npy,1004,IOM,ANG,XX,train
data\processed\1010_IOM_DIS_XX.npy,1010,IOM,DIS,XX,train
data\processed\1035_IOM_DIS_XX.npy,1035,IOM,DIS,XX,train
data\processed\1031_IOM_FEA_XX.npy,1031,IOM,FEA,XX,train
data\processed\1045_IOM_DIS_XX.npy,1045,IOM,DIS,XX,train
data\processed\1020_IOM_ANG_XX.npy,1020,IOM,ANG,XX,train
data\processed\1022_IOM_FEA_XX.npy,1022,IOM,FEA,XX,train
data\processed\1033_IOM_FEA_XX.npy,1033,IOM,FEA,XX,train
data\processed\1015_IOM_ANG_XX.npy,1015,IOM,ANG,XX,train
data\processed\1021_IOM_NEU_XX.npy,1021,IOM,NEU,XX,train
data\processed\1008_IOM_FEA_XX.npy,1008,IOM,FEA,XX,train
data\processed\1023_IOM_HAP_XX.npy,1023,IOM,HAP,XX,train
data\processed\1003_IOM_SAD_XX.npy,1003,IOM,SAD,XX,train
data\processed\1036_IOM_SAD_XX.npy,1036,IOM,SAD,XX,train
data\processed\1025_IOM_NEU_XX.npy,1025,IOM,NEU,XX,train
data\processed\1029_IOM_SAD_XX.npy,1029,IOM,SAD,XX,train
data\processed\1002_IOM_SAD_XX.npy,1002,IOM,SAD,XX,train
data\processed\1039_IOM_SAD_XX.npy,1039,IOM,SAD,XX,train
data\processed\1041_IOM_DIS_XX.npy,1041,IOM,DIS,XX,train
data\processed\1033_IOM_ANG_XX.npy,1033,IOM,ANG,XX,train
data\processed\1030_IOM_FEA_XX.npy,1030,IOM,FEA,XX,train
data\processed\1001_IOM_SAD_XX.npy,1001,IOM,SAD,XX,train
data\processed\1042_IOM_DIS_XX.npy,1042,IOM,DIS,XX,train
data\processed\1007_IOM_FEA_XX.npy,1007,IOM,FEA,XX,train
data\processed\1003_IOM_FEA_XX.npy,1003,IOM,FEA,XX,train
data\processed\1024_IOM_ANG_XX.npy,1024,IOM,ANG,XX,train
data\processed\1030_IOM_HAP_XX.npy,1030,IOM,HAP,XX,train
data\processed\1001_IOM_NEU_XX.npy,1001,IOM,NEU,XX,train
data\processed\1040_IOM_ANG_XX.npy,1040,IOM,ANG,XX,train
data\processed\1040_IOM_SAD_XX.npy,1040,IOM,SAD,XX,train
data\processed\1044_IOM_HAP_XX.npy,1044,IOM,HAP,XX,train
data\processed\1047_IOM_ANG_XX.npy,1047,IOM,ANG,XX,train
data\processed\1010_IOM_HAP_XX.npy,1010,IOM,HAP,XX,train
data\processed\1047_IOM_NEU_XX.npy,1047,IOM,NEU,XX,train
data\processed\1015_IOM_HAP_XX.npy,1015,IOM,HAP,XX,train
data\processed\1011_IOM_HAP_XX.npy,1011,IOM,HAP,XX,train
data\processed\1047_IOM_SAD_XX.npy,1047,IOM,SAD,XX,train
data\processed\1002_IOM_HAP_XX.npy,1002,IOM,HAP,XX,train
data\processed\1009_IOM_SAD_XX.npy,1009,IOM,SAD,XX,train
data\processed\1003_IOM_HAP_XX.npy,1003,IOM,HAP,XX,train
data\processed\1045_IOM_NEU_XX.npy,1045,IOM,NEU,XX,train
data\processed\1013_IOM_FEA_XX.npy,1013,IOM,FEA,XX,train
data\processed\1014_IOM_HAP_XX.npy,1014,IOM,HAP,XX,train
data\processed\1009_IOM_ANG_XX.npy,1009,IOM,ANG,XX,train
data\processed\1018_IOM_ANG_XX.npy,1018,IOM,ANG,XX,train
data\processed\1026_IOM_NEU_XX.npy,1026,IOM,NEU,XX,train
data\processed\1037_IOM_NEU_XX.npy,1037,IOM,NEU,XX,train
data\processed\1012_IOM_ANG_XX.npy,1012,IOM,ANG,XX,train
data\processed\1048_IOM_FEA_XX.npy,1048,IOM,FEA,XX,train
data\processed\1014_IOM_FEA_XX.npy,1014,IOM,FEA,XX,train
data\processed\1041_IOM_ANG_XX.npy,1041,IOM,ANG,XX,train
data\processed\1021_IOM_HAP_XX.npy,1021,IOM,HAP,XX,train
data\processed\1022_IOM_ANG_XX.npy,1022,IOM,ANG,XX,train
data\processed\1007_IOM_SAD_XX.npy,1007,IOM,SAD,XX,train
data\processed\1028_IOM_SAD_XX.npy,1028,IOM,SAD,XX,train
data\processed\1047_IOM_FEA_XX.npy,1047,IOM,FEA,XX,train
data\processed\1040_IOM_HAP_XX.npy,1040,IOM,HAP,XX,train
data\processed\1048_IOM_SAD_XX.npy,1048,IOM,SAD,XX,train
data\processed\1014_IOM_DIS_XX.npy,1014,IOM,DIS,XX,train
data\processed\1020_IOM_FEA_XX.npy,1020,IOM,FEA,XX,train
data\processed\1021_IOM_SAD_XX.npy,1021,IOM,SAD,XX,train
data\processed\1041_IOM_SAD_XX.npy,1041,IOM,SAD,XX,train
data\processed\1026_IOM_FEA_XX.npy,1026,IOM,FEA,XX,train
data\processed\1023_IOM_FEA_XX.npy,1023,IOM,FEA,XX,train
data\processed\1036_IOM_DIS_XX.npy,1036,IOM,DIS,XX,train
data\processed\1027_IOM_DIS_XX.npy,1027,IOM,DIS,XX,train
data\processed\1005_IOM_HAP_XX.npy,1005,IOM,HAP,XX,train
data\processed\1034_IOM_DIS_XX.npy,1034,IOM,DIS,XX,train
data\processed\1027_IOM_SAD_XX.npy,1027,IOM,SAD,XX,train
data\processed\1032_IOM_SAD_XX.npy,1032,IOM,SAD,XX,train
data\processed\1046_IOM_DIS_XX.npy,1046,IOM,DIS,XX,train
data\processed\1026_IOM_SAD_XX.npy,1026,IOM,SAD,XX,train
data\processed\1016_IOM_ANG_XX.npy,1016,IOM,ANG,XX,train
data\processed\1042_IOM_SAD_XX.npy,1042,IOM,SAD,XX,train
data\processed\1038_IOM_SAD_XX.npy,1038,IOM,SAD,XX,train
data\processed\1035_IOM_SAD_XX.npy,1035,IOM,SAD,XX,train
data\processed\1032_IOM_DIS_XX.npy,1032,IOM,DIS,XX,train
data\processed\1045_IOM_SAD_XX.npy,1045,IOM,SAD,XX,train
data\processed\1046_IOM_NEU_XX.npy,1046,IOM,NEU,XX,train
data\processed\1030_IOM_NEU_XX.npy,1030,IOM,NEU,XX,train
data\processed\1033_IOM_NEU_XX.npy,1033,IOM,NEU,XX,train
data\processed\1043_IOM_SAD_XX.npy,1043,IOM,SAD,XX,train
data\processed\1044_IOM_DIS_XX.npy,1044,IOM,DIS,XX,train
data\processed\1034_IOM_ANG_XX.npy,1034,IOM,ANG,XX,train
data\processed\1034_IOM_FEA_XX.npy,1034,IOM,FEA,XX,train
data\processed\1009_IOM_NEU_XX.npy,1009,IOM,NEU,XX,train
data\processed\1033_IOM_HAP_XX.npy,1033,IOM,HAP,XX,train
data\processed\1006_IOM_NEU_XX.npy,1006,IOM,NEU,XX,train
data\processed\1004_IOM_DIS_XX.npy,1004,IOM,DIS,XX,train
data\processed\1022_IOM_NEU_XX.npy,1022,IOM,NEU,XX,train
data\processed\1008_IOM_HAP_XX.npy,1008,IOM,HAP,XX,train
data\processed\1007_IOM_HAP_XX.npy,1007,IOM,HAP,XX,train
data\processed\1017_IOM_SAD_XX.npy,1017,IOM,SAD,XX,train
data\processed\1006_IOM_HAP_XX.npy,1006,IOM,HAP,XX,train
data\processed\1043_IOM_FEA_XX.npy,1043,IOM,FEA,XX,train
data\processed\1002_IOM_ANG_XX.npy,1002,IOM,ANG,XX,train
data\processed\1028_IOM_ANG_XX.npy,1028,IOM,ANG,XX,train
data\processed\1046_IOM_SAD_XX.npy,1046,IOM,SAD,XX,train
data\processed\1016_IOM_HAP_XX.npy,1016,IOM,HAP,XX,train
data\processed\1039_IOM_ANG_XX.npy,1039,IOM,ANG,XX,train
data\processed\1022_IOM_HAP_XX.npy,1022,IOM,HAP,XX,train
data\processed\1024_IOM_HAP_XX.npy,1024,IOM,HAP,XX,train
data\processed\1043_IOM_NEU_XX.npy,1043,IOM,NEU,XX,train
data\processed\1035_IOM_HAP_XX.npy,1035,IOM,HAP,XX,train
data\processed\1006_IOM_SAD_XX.npy,1006,IOM,SAD,XX,train
data\processed\1008_IOM_DIS_XX.npy,1008,IOM,DIS,XX,train
data\processed\1025_IOM_SAD_XX.npy,1025,IOM,SAD,XX,train
data\processed\1013_IOM_DIS_XX.npy,1013,IOM,DIS,XX,train
data\processed\1021_IOM_FEA_XX.npy,1021,IOM,FEA,XX,train
data\processed\1027_IOM_NEU_XX.npy,1027,IOM,NEU,XX,train
data\processed\1016_IOM_SAD_XX.npy,1016,IOM,SAD,XX,train
data\processed\1010_IOM_SAD_XX.npy,1010,IOM,SAD,XX,train
data\processed\1014_IOM_SAD_XX.npy,1014,IOM,SAD,XX,train
data\processed\1041_IOM_HAP_XX.npy,1041,IOM,HAP,XX,train
data\processed\1014_IOM_ANG_XX.npy,1014,IOM,ANG,XX,train
data\processed\1023_IOM_ANG_XX.npy,1023,IOM,ANG,XX,train
data\processed\1003_IOM_NEU_XX.npy,1003,IOM,NEU,XX,train
data\processed\1011_IOM_DIS_XX.npy,1011,IOM,DIS,XX,train
data\processed\1039_IOM_FEA_XX.npy,1039,IOM,FEA,XX,train
data\processed\1044_IOM_FEA_XX.npy,1044,IOM,FEA,XX,train
data\processed\1032_IOM_HAP_XX.npy,1032,IOM,HAP,XX,train
data\processed\1010_IOM_FEA_XX.npy,1010,IOM,FEA,XX,train
data\processed\1013_IOM_ANG_XX.npy,1013,IOM,ANG,XX,train
data\processed\1029_IOM_DIS_XX.npy,1029,IOM,DIS,XX,train
data\processed\1045_IOM_FEA_XX.npy,1045,IOM,FEA,XX,train
data\processed\1047_IOM_DIS_XX.npy,1047,IOM,DIS,XX,train
data\processed\1031_IOM_HAP_XX.npy,1031,IOM,HAP,XX,train
data\processed\1029_IOM_NEU_XX.npy,1029,IOM,NEU,XX,train
data\processed\1010_IOM_NEU_XX.npy,1010,IOM,NEU,XX,train
data\processed\1016_IOM_DIS_XX.npy,1016,IOM,DIS,XX,train
data\processed\1025_IOM_ANG_XX.npy,1025,IOM,ANG,XX,train
data\processed\1032_IOM_FEA_XX.npy,1032,IOM,FEA,XX,train
data\processed\1006_IOM_ANG_XX.npy,1006,IOM,ANG,XX,train
data\processed\1012_IOM_HAP_XX.npy,1012,IOM,HAP,XX,train
data\processed\1028_IOM_HAP_XX.npy,1028,IOM,HAP,XX,train
data\processed\1017_IOM_FEA_XX.npy,1017,IOM,FEA,XX,train
data\processed\1006_IOM_DIS_XX.npy,1006,IOM,DIS,XX,train
data\processed\1003_IOM_ANG_XX.npy,1003,IOM,ANG,XX,train
data\processed\1043_IOM_HAP_XX.npy,1043,IOM,HAP,XX,train
data\processed\1037_IOM_HAP_XX.npy,1037,IOM,HAP,XX,train
data\processed\1001_IOM_HAP_XX.npy,1001,IOM,HAP,XX,train
data\processed\1025_IOM_DIS_XX.npy,1025,IOM,DIS,XX,train
data\processed\1019_IOM_HAP_XX.npy,1019,IOM,HAP,XX,train
data\processed\1048_IOM_ANG_XX.npy,1048,IOM,ANG,XX,train
data\processed\1036_IOM_FEA_XX.npy,1036,IOM,FEA,XX,train
data\processed\1015_IOM_NEU_XX.npy,1015,IOM,NEU,XX,train
data\processed\1009_IOM_FEA_XX.npy,1009,IOM,FEA,XX,train
data\processed\1011_IOM_ANG_XX.npy,1011,IOM,ANG,XX,train
data\processed\1002_IOM_FEA_XX.npy,1002,IOM,FEA,XX,train
data\processed\1020_IOM_NEU_XX.npy,1020,IOM,NEU,XX,train
data\processed\1024_IOM_DIS_XX.npy,1024,IOM,DIS,XX,train
data\processed\1023_IOM_DIS_XX.npy,1023,IOM,DIS,XX,train
data\processed\1040_IOM_FEA_XX.npy,1040,IOM,FEA,XX,train
data\processed\1044_IOM_SAD_XX.npy,1044,IOM,SAD,XX,train
data\processed\1038_IOM_NEU_XX.npy,1038,IOM,NEU,XX,train
data\processed\1026_IOM_DIS_XX.npy,1026,IOM,DIS,XX,train
data\processed\1018_IOM_DIS_XX.npy,1018,IOM,DIS,XX,train
data\processed\1025_IOM_FEA_XX.npy,1025,IOM,FEA,XX,train
data\processed\1010_IOM_ANG_XX.npy,1010,IOM,ANG,XX,train
data\processed\1038_IOM_ANG_XX.npy,1038,IOM,ANG,XX,train
data\processed\1028_IOM_DIS_XX.npy,1028,IOM,DIS,XX,train
data\processed\1031_IOM_ANG_XX.npy,1031,IOM,ANG,XX,train
data\processed\1024_IOM_NEU_XX.npy,1024,IOM,NEU,XX,train
data\processed\1011_IOM_SAD_XX.npy,1011,IOM,SAD,XX,train
data\processed\1019_IOM_NEU_XX.npy,1019,IOM,NEU,XX,train
data\processed\1042_IOM_NEU_XX.npy,1042,IOM,NEU,XX,train
data\processed\1022_IOM_DIS_XX.npy,1022,IOM,DIS,XX,train
data\processed\1016_IOM_FEA_XX.npy,1016,IOM,FEA,XX,train
data\processed\1004_IOM_FEA_XX.npy,1004,IOM,FEA,XX,train
data\processed\1034_IOM_HAP_XX.npy,1034,IOM,HAP,XX,train
data\processed\1048_IOM_NEU_XX.npy,1048,IOM,NEU,XX,train
data\processed\1037_IOM_FEA_XX.npy,1037,IOM,FEA,XX,train
data\processed\1018_ITH_DIS_XX.npy,1018,ITH,DIS,XX,test
data\processed\1018_ITH_ANG_XX.npy,1018,ITH,ANG,XX,dev
data\processed\1039_ITH_DIS_XX.npy,1039,ITH,DIS,XX,dev
data\processed\1032_ITH_DIS_XX.npy,1032,ITH,DIS,XX,dev
data\processed\1018_ITH_FEA_XX.npy,1018,ITH,FEA,XX,dev
data\processed\1010_ITH_DIS_XX.npy,1010,ITH,DIS,XX,dev
data\processed\1038_ITH_SAD_XX.npy,1038,ITH,SAD,XX,dev
data\processed\1003_ITH_FEA_XX.npy,1003,ITH,FEA,XX,dev
data\processed\1006_ITH_DIS_XX.npy,1006,ITH,DIS,XX,dev
data\processed\1043_ITH_ANG_XX.npy,1043,ITH,ANG,XX,dev
data\processed\1032_ITH_NEU_XX.npy,1032,ITH,NEU,XX,dev
data\processed\1037_ITH_ANG_XX.npy,1037,ITH,ANG,XX,dev
data\processed\1022_ITH_HAP_XX.npy,1022,ITH,HAP,XX,dev
data\processed\1011_ITH_FEA_XX.npy,1011,ITH,FEA,XX,dev
data\processed\1007_ITH_DIS_XX.npy,1007,ITH,DIS,XX,dev
data\processed\1033_ITH_ANG_XX.npy,1033,ITH,ANG,XX,dev
data\processed\1025_ITH_FEA_XX.npy,1025,ITH,FEA,XX,dev
data\processed\1003_ITH_DIS_XX.npy,1003,ITH,DIS,XX,dev
data\processed\1024_ITH_ANG_XX.npy,1024,ITH,ANG,XX,dev
data\processed\1041_ITH_DIS_XX.npy,1041,ITH,DIS,XX,dev
data\processed\1029_ITH_FEA_XX.npy,1029,ITH,FEA,XX,dev
data\processed\1040_ITH_NEU_XX.npy,1040,ITH,NEU,XX,dev
data\processed\1047_ITH_FEA_XX.npy,1047,ITH,FEA,XX,dev
data\processed\1030_ITH_SAD_XX.npy,1030,ITH,SAD,XX,dev
data\processed\1027_ITH_HAP_XX.npy,1027,ITH,HAP,XX,dev
data\processed\1031_ITH_DIS_XX.npy,1031,ITH,DIS,XX,dev
data\processed\1009_ITH_SAD_XX.npy,1009,ITH,SAD,XX,dev
data\processed\1013_ITH_DIS_XX.npy,1013,ITH,DIS,XX,dev
data\processed\1008_ITH_NEU_XX.npy,1008,ITH,NEU,XX,dev
data\processed\1007_ITH_FEA_XX.npy,1007,ITH,FEA,XX,train
data\processed\1048_ITH_HAP_XX.npy,1048,ITH,HAP,XX,train
data\processed\1015_ITH_FEA_XX.npy,1015,ITH,FEA,XX,train
data\processed\1013_ITH_HAP_XX.npy,1013,ITH,HAP,XX,train
data\processed\1005_ITH_ANG_XX.npy,1005,ITH,ANG,XX,train
data\processed\1030_ITH_FEA_XX.npy,1030,ITH,FEA,XX,train
data\processed\1045_ITH_HAP_XX.npy,1045,ITH,HAP,XX,train
data\processed\1044_ITH_SAD_XX.npy,1044,ITH,SAD,XX,train
data\processed\1012_ITH_DIS_XX.npy,1012,ITH,DIS,XX,train
data\processed\1005_ITH_HAP_XX.npy,1005,ITH,HAP,XX,train
data\processed\1039_ITH_HAP_XX.npy,1039,ITH,HAP,XX,train
data\processed\1047_ITH_SAD_XX.npy,1047,ITH,SAD,XX,train
data\processed\1046_ITH_NEU_XX.npy,1046,ITH,NEU,XX,train
data\processed\1010_ITH_FEA_XX.npy,1010,ITH,FEA,XX,train
data\processed\1010_ITH_ANG_XX.npy,1010,ITH,ANG,XX,train
data\processed\1045_ITH_DIS_XX.npy,1045,ITH,DIS,XX,train
data\processed\1039_ITH_SAD_XX.npy,1039,ITH,SAD,XX,train
data\processed\1042_ITH_FEA_XX.npy,1042,ITH,FEA,XX,train
data\processed\1020_ITH_SAD_XX.npy,1020,ITH,SAD,XX,train
data\processed\1006_ITH_ANG_XX.npy,1006,ITH,ANG,XX,train
data\processed\1002_ITH_FEA_XX.npy,1002,ITH,FEA,XX,train
data\processed\1017_ITH_NEU_XX.npy,1017,ITH,NEU,XX,train
data\processed\1004_ITH_HAP_XX.npy,1004,ITH,HAP,XX,train
data\processed\1008_ITH_HAP_XX.npy,1008,ITH,HAP,XX,train
data\processed\1047_ITH_NEU_XX.npy,1047,ITH,NEU,XX,train
data\processed\1015_ITH_ANG_XX.npy,1015,ITH,ANG,XX,train
data\processed\1010_ITH_SAD_XX.npy,1010,ITH,SAD,XX,train
data\processed\1022_ITH_NEU_XX.npy,1022,ITH,NEU,XX,train
data\processed\1003_ITH_HAP_XX.npy,1003,ITH,HAP,XX,train
data\processed\1018_ITH_NEU_XX.npy,1018,ITH,NEU,XX,train
data\processed\1005_ITH_SAD_XX.npy,1005,ITH,SAD,XX,train
data\processed\1022_ITH_SAD_XX.npy,1022,ITH,SAD,XX,train
data\processed\1029_ITH_SAD_XX.npy,1029,ITH,SAD,XX,train
data\processed\1003_ITH_ANG_XX.npy,1003,ITH,ANG,XX,train
data\processed\1026_ITH_HAP_XX.npy,1026,ITH,HAP,XX,train
data\processed\1031_ITH_HAP_XX.npy,1031,ITH,HAP,XX,train
data\processed\1041_ITH_HAP_XX.npy,1041,ITH,HAP,XX,train
data\processed\1035_ITH_HAP_XX.npy,1035,ITH,HAP,XX,train
data\processed\1043_ITH_FEA_XX.npy,1043,ITH,FEA,XX,train
data\processed\1048_ITH_ANG_XX.npy,1048,ITH,ANG,XX,train
data\processed\1048_ITH_DIS_XX.npy,1048,ITH,DIS,XX,train
data\processed\1010_ITH_HAP_XX.npy,1010,ITH,HAP,XX,train
data\processed\1031_ITH_NEU_XX.npy,1031,ITH,NEU,XX,train
data\processed\1034_ITH_SAD_XX.npy,1034,ITH,SAD,XX,train
data\processed\1016_ITH_NEU_XX.npy,1016,ITH,NEU,XX,train
data\processed\1013_ITH_SAD_XX.npy,1013,ITH,SAD,XX,train
data\processed\1036_ITH_HAP_XX.npy,1036,ITH,HAP,XX,train
data\processed\1007_ITH_SAD_XX.npy,1007,ITH,SAD,XX,train
data\processed\1041_ITH_FEA_XX.npy,1041,ITH,FEA,XX,train
data\processed\1030_ITH_NEU_XX.npy,1030,ITH,NEU,XX,train
data\processed\1006_ITH_HAP_XX.npy,1006,ITH,HAP,XX,train
data\processed\1046_ITH_FEA_XX.npy,1046,ITH,FEA,XX,train
data\processed\1021_ITH_HAP_XX.npy,1021,ITH,HAP,XX,train
data\processed\1044_ITH_NEU_XX.npy,1044,ITH,NEU,XX,train
data\processed\1024_ITH_NEU_XX.npy,1024,ITH,NEU,XX,train
data\processed\1013_ITH_FEA_XX.npy,1013,ITH,FEA,XX,train
data\processed\1008_ITH_FEA_XX.npy,1008,ITH,FEA,XX,train
data\processed\1028_ITH_FEA_XX.npy,1028,ITH,FEA,XX,train
data\processed\1033_ITH_SAD_XX.npy,1033,ITH,SAD,XX,train
data\processed\1014_ITH_FEA_XX.npy,1014,ITH,FEA,XX,train
data\processed\1044_ITH_HAP_XX.npy,1044,ITH,HAP,XX,train
data\processed\1046_ITH_DIS_XX.npy,1046,ITH,DIS,XX,train
data\processed\1038_ITH_FEA_XX.npy,1038,ITH,FEA,XX,train
data\processed\1016_ITH_SAD_XX.npy,1016,ITH,SAD,XX,train
data\processed\1040_ITH_ANG_XX.npy,1040,ITH,ANG,XX,train
data\processed\1016_ITH_HAP_XX.npy,1016,ITH,HAP,XX,train
data\processed\1001_ITH_SAD_XX.npy,1001,ITH,SAD,XX,train
data\processed\1025_ITH_ANG_XX.npy,1025,ITH,ANG,XX,train
data\processed\1033_ITH_NEU_XX.npy,1033,ITH,NEU,XX,train
data\processed\1014_ITH_NEU_XX.npy,1014,ITH,NEU,XX,train
data\processed\1026_ITH_DIS_XX.npy,1026,ITH,DIS,XX,train
data\processed\1032_ITH_FEA_XX.npy,1032,ITH,FEA,XX,train
data\processed\1045_ITH_FEA_XX.npy,1045,ITH,FEA,XX,train
data\processed\1021_ITH_FEA_XX.npy,1021,ITH,FEA,XX,train
data\processed\1035_ITH_ANG_XX.npy,1035,ITH,ANG,XX,train
data\processed\1033_ITH_FEA_XX.npy,1033,ITH,FEA,XX,train
data\processed\1011_ITH_SAD_XX.npy,1011,ITH,SAD,XX,train
data\processed\1037_ITH_FEA_XX.npy,1037,ITH,FEA,XX,train
data\processed\1027_ITH_FEA_XX.npy,1027,ITH,FEA,XX,train
data\processed\1038_ITH_HAP_XX.npy,1038,ITH,HAP,XX,train
data\processed\1013_ITH_NEU_XX.npy,1013,ITH,NEU,XX,train
data\processed\1004_ITH_ANG_XX.npy,1004,ITH,ANG,XX,train
data\processed\1015_ITH_DIS_XX.npy,1015,ITH,DIS,XX,train
data\processed\1009_ITH_NEU_XX.npy,1009,ITH,NEU,XX,train
data\processed\1045_ITH_ANG_XX.npy,1045,ITH,ANG,XX,train
data\processed\1039_ITH_FEA_XX.npy,1039,ITH,FEA,XX,train
data\processed\1017_ITH_DIS_XX.npy,1017,ITH,DIS,XX,train
data\processed\1043_ITH_SAD_XX.npy,1043,ITH,SAD,XX,train
data\processed\1037_ITH_NEU_XX.npy,1037,ITH,NEU,XX,train
data\processed\1009_ITH_FEA_XX.npy,1009,ITH,FEA,XX,train
data\processed\1027_ITH_SAD_XX.npy,1027,ITH,SAD,XX,train
data\processed\1041_ITH_ANG_XX.npy,1041,ITH,ANG,XX,train
data\processed\1023_ITH_FEA_XX.npy,1023,ITH,FEA,XX,train
data\processed\1022_ITH_FEA_XX.npy,1022,ITH,FEA,XX,train
data\processed\1020_ITH_ANG_XX.npy,1020,ITH,ANG,XX,train
data\processed\1033_ITH_DIS_XX.npy,1033,ITH,DIS,XX,train
data\processed\1036_ITH_ANG_XX.npy,1036,ITH,ANG,XX,train
data\processed\1041_ITH_SAD_XX.npy,1041,ITH,SAD,XX,train
data\processed\1002_ITH_SAD_XX.npy,1002,ITH,SAD,XX,train
data\processed\1022_ITH_ANG_XX.npy,1022,ITH,ANG,XX,train
data\processed\1043_ITH_DIS_XX.npy,1043,ITH,DIS,XX,train
data\processed\1030_ITH_HAP_XX.npy,1030,ITH,HAP,XX,train
data\processed\1003_ITH_SAD_XX.npy,1003,ITH,SAD,XX,train
data\processed\1037_ITH_SAD_XX.npy,1037,ITH,SAD,XX,train
data\processed\1034_ITH_HAP_XX.npy,1034,ITH,HAP,XX,train
data\processed\1015_ITH_NEU_XX.npy,1015,ITH,NEU,XX,train
data\processed\1004_ITH_FEA_XX.npy,1004,ITH,FEA,XX,train
data\processed\1002_ITH_NEU_XX.npy,1002,ITH,NEU,XX,train
data\processed\1006_ITH_NEU_XX.npy,1006,ITH,NEU,XX,train
data\processed\1024_ITH_DIS_XX.npy,1024,ITH,DIS,XX,train
data\processed\1022_ITH_DIS_XX.npy,1022,ITH,DIS,XX,train
data\processed\1027_ITH_DIS_XX.npy,1027,ITH,DIS,XX,train
data\processed\1002_ITH_ANG_XX.npy,1002,ITH,ANG,XX,train
data\processed\1028_ITH_HAP_XX.npy,1028,ITH,HAP,XX,train
data\processed\1040_ITH_DIS_XX.npy,1040,ITH,DIS,XX,train
data\processed\1006_ITH_FEA_XX.npy,1006,ITH,FEA,XX,train
data\processed\1033_ITH_HAP_XX.npy,1033,ITH,HAP,XX,train
data\processed\1021_ITH_SAD_XX.npy,1021,ITH,SAD,XX,train
data\processed\1042_ITH_HAP_XX.npy,1042,ITH,HAP,XX,train
data\processed\1017_ITH_HAP_XX.npy,1017,ITH,HAP,XX,train
data\processed\1029_ITH_NEU_XX.npy,1029,ITH,NEU,XX,train
data\processed\1047_ITH_DIS_XX.npy,1047,ITH,DIS,XX,train
data\processed\1047_ITH_HAP_XX.npy,1047,ITH,HAP,XX,train
data\processed\1009_ITH_HAP_XX.npy,1009,ITH,HAP,XX,train
data\processed\1043_ITH_NEU_XX.npy,1043,ITH,NEU,XX,train
data\processed\1001_ITH_FEA_XX.npy,1001,ITH,FEA,XX,train
data\processed\1023_ITH_ANG_XX.npy,1023,ITH,ANG,XX,train
data\processed\1002_ITH_DIS_XX.npy,1002,ITH,DIS,XX,train
data\processed\1014_ITH_ANG_XX.npy,1014,ITH,ANG,XX,train
data\processed\1004_ITH_SAD_XX.npy,1004,ITH,SAD,XX,train
data\processed\1014_ITH_SAD_XX.npy,1014,ITH,SAD,XX,train
data\processed\1028_ITH_ANG_XX.npy,1028,ITH,ANG,XX,train
data\processed\1016_ITH_DIS_XX.npy,1016,ITH,DIS,XX,train
data\processed\1041_ITH_NEU_XX.npy,1041,ITH,NEU,XX,train
data\processed\1046_ITH_ANG_XX.npy,1046,ITH,ANG,XX,train
data\processed\1012_ITH_HAP_XX.npy,1012,ITH,HAP,XX,train
data\processed\1017_ITH_SAD_XX.npy,1017,ITH,SAD,XX,train
data\processed\1036_ITH_NEU_XX.npy,1036,ITH,NEU,XX,train
data\processed\1040_ITH_SAD_XX.npy,1040,ITH,SAD,XX,train
data\processed\1044_ITH_ANG_XX.npy,1044,ITH,ANG,XX,train
data\processed\1020_ITH_NEU_XX.npy,1020,ITH,NEU,XX,train
data\processed\1008_ITH_ANG_XX.npy,1008,ITH,ANG,XX,train
data\processed\1039_ITH_ANG_XX.npy,1039,ITH,ANG,XX,train
data\processed\1005_ITH_DIS_XX.npy,1005,ITH,DIS,XX,train
data\processed\1037_ITH_HAP_XX.npy,1037,ITH,HAP,XX,train
data\processed\1021_ITH_DIS_XX.npy,1021,ITH,DIS,XX,train
data\processed\1011_ITH_ANG_XX.npy,1011,ITH,ANG,XX,train
data\processed\1021_ITH_ANG_XX.npy,1021,ITH,ANG,XX,train
data\processed\1040_ITH_FEA_XX.npy,1040,ITH,FEA,XX,train
data\processed\1004_ITH_DIS_XX.npy,1004,ITH,DIS,XX,train
data\processed\1018_ITH_SAD_XX.npy,1018,ITH,SAD,XX,train
data\processed\1008_ITH_SAD_XX.npy,1008,ITH,SAD,XX,train
data\processed\1012_ITH_NEU_XX.npy,1012,ITH,NEU,XX,train
data\processed\1011_ITH_DIS_XX.npy,1011,ITH,DIS,XX,train
data\processed\1026_ITH_FEA_XX.npy,1026,ITH,FEA,XX,train
data\processed\1011_ITH_HAP_XX.npy,1011,ITH,HAP,XX,train
data\processed\1034_ITH_NEU_XX.npy,1034,ITH,NEU,XX,train
data\processed\1023_ITH_DIS_XX.npy,1023,ITH,DIS,XX,train
data\processed\1040_ITH_HAP_XX.npy,1040,ITH,HAP,XX,train
data\processed\1028_ITH_NEU_XX.npy,1028,ITH,NEU,XX,train
data\processed\1016_ITH_ANG_XX.npy,1016,ITH,ANG,XX,train
data\processed\1042_ITH_NEU_XX.npy,1042,ITH,NEU,XX,train
data\processed\1009_ITH_DIS_XX.npy,1009,ITH,DIS,XX,train
data\processed\1045_ITH_SAD_XX.npy,1045,ITH,SAD,XX,train
data\processed\1043_ITH_HAP_XX.npy,1043,ITH,HAP,XX,train
data\processed\1044_ITH_FEA_XX.npy,1044,ITH,FEA,XX,train
data\processed\1036_ITH_DIS_XX.npy,1036,ITH,DIS,XX,train
data\processed\1045_ITH_NEU_XX.npy,1045,ITH,NEU,XX,train
data\processed\1010_ITH_NEU_XX.npy,1010,ITH,NEU,XX,train
data\processed\1034_ITH_FEA_XX.npy,1034,ITH,FEA,XX,train
data\processed\1028_ITH_DIS_XX.npy,1028,ITH,DIS,XX,train
data\processed\1029_ITH_ANG_XX.npy,1029,ITH,ANG,XX,train
data\processed\1018_ITH_HAP_XX.npy,1018,ITH,HAP,XX,train
data\processed\1025_ITH_SAD_XX.npy,1025,ITH,SAD,XX,train
data\processed\1002_ITH_HAP_XX.npy,1002,ITH,HAP,XX,train
data\processed\1021_ITH_NEU_XX.npy,1021,ITH,NEU,XX,train
data\processed\1016_ITH_FEA_XX.npy,1016,ITH,FEA,XX,train
data\processed\1042_ITH_ANG_XX.npy,1042,ITH,ANG,XX,train
data\processed\1026_ITH_ANG_XX.npy,1026,ITH,ANG,XX,train
data\processed\1037_ITH_DIS_XX.npy,1037,ITH,DIS,XX,train
data\processed\1031_ITH_SAD_XX.npy,1031,ITH,SAD,XX,train
data\processed\1048_ITH_SAD_XX.npy,1048,ITH,SAD,XX,train
data\processed\1047_ITH_ANG_XX.npy,1047,ITH,ANG,XX,train
data\processed\1007_ITH_HAP_XX.npy,1007,ITH,HAP,XX,train
data\processed\1023_ITH_NEU_XX.npy,1023,ITH,NEU,XX,train
data\processed\1034_ITH_ANG_XX.npy,1034,ITH,ANG,XX,train
data\processed\1001_ITH_DIS_XX.npy,1001,ITH,DIS,XX,train
data\processed\1038_ITH_ANG_XX.npy,1038,ITH,ANG,XX,train
data\processed\1007_ITH_ANG_XX.npy,1007,ITH,ANG,XX,train
data\processed\1035_ITH_NEU_XX.npy,1035,ITH,NEU,XX,train
data\processed\1020_ITH_FEA_XX.npy,1020,ITH,FEA,XX,train
data\processed\1035_ITH_FEA_XX.npy,1035,ITH,FEA,XX,train
data\processed\1032_ITH_ANG_XX.npy,1032,ITH,ANG,XX,train
data\processed\1009_ITH_ANG_XX.npy,1009,ITH,ANG,XX,train
data\processed\1046_ITH_SAD_XX.npy,1046,ITH,SAD,XX,train
data\processed\1014_ITH_HAP_XX.npy,1014,ITH,HAP,XX,train
data\processed\1025_ITH_HAP_XX.npy,1025,ITH,HAP,XX,train
data\processed\1024_ITH_FEA_XX.npy,1024,ITH,FEA,XX,train
data\processed\1024_ITH_SAD_XX.npy,1024,ITH,SAD,XX,train
data\processed\1012_ITH_ANG_XX.npy,1012,ITH,ANG,XX,train
data\processed\1012_ITH_SAD_XX.npy,1012,ITH,SAD,XX,train
data\processed\1032_ITH_HAP_XX.npy,1032,ITH,HAP,XX,train
data\processed\1036_ITH_SAD_XX.npy,1036,ITH,SAD,XX,train
data\processed\1035_ITH_DIS_XX.npy,1035,ITH,DIS,XX,train
data\processed\1020_ITH_DIS_XX.npy,1020,ITH,DIS,XX,train
data\processed\1001_ITH_HAP_XX.npy,1001,ITH,HAP,XX,train
data\processed\1046_ITH_HAP_XX.npy,1046,ITH,HAP,XX,train
data\processed\1048_ITH_FEA_XX.npy,1048,ITH,FEA,XX,train
data\processed\1012_ITH_FEA_XX.npy,1012,ITH,FEA,XX,train
data\processed\1020_ITH_HAP_XX.npy,1020,ITH,HAP,XX,train
data\processed\1034_ITH_DIS_XX.npy,1034,ITH,DIS,XX,train
data\processed\1017_ITH_FEA_XX.npy,1017,ITH,FEA,XX,train
data\processed\1027_ITH_NEU_XX.npy,1027,ITH,NEU,XX,train
data\processed\1025_ITH_DIS_XX.npy,1025,ITH,DIS,XX,train
data\processed\1035_ITH_SAD_XX.npy,1035,ITH,SAD,XX,train
data\processed\1028_ITH_SAD_XX.npy,1028,ITH,SAD,XX,train
data\processed\1023_ITH_HAP_XX.npy,1023,ITH,HAP,XX,train
data\processed\1042_ITH_DIS_XX.npy,1042,ITH,DIS,XX,train
data\processed\1005_ITH_NEU_XX.npy,1005,ITH,NEU,XX,train
data\processed\1026_ITH_NEU_XX.npy,1026,ITH,NEU,XX,train
data\processed\1007_ITH_NEU_XX.npy,1007,ITH,NEU,XX,train
data\processed\1029_ITH_DIS_XX.npy,1029,ITH,DIS,XX,train
data\processed\1030_ITH_ANG_XX.npy,1030,ITH,ANG,XX,train
data\processed\1003_ITH_NEU_XX.npy,1003,ITH,NEU,XX,train
data\processed\1008_ITH_DIS_XX.npy,1008,ITH,DIS,XX,train
data\processed\1024_ITH_HAP_XX.npy,1024,ITH,HAP,XX,train
data\processed\1015_ITH_SAD_XX.npy,1015,ITH,SAD,XX,train
data\processed\1025_ITH_NEU_XX.npy,1025,ITH,NEU,XX,train
data\processed\1038_ITH_DIS_XX.npy,1038,ITH,DIS,XX,train
data\processed\1006_ITH_SAD_XX.npy,1006,ITH,SAD,XX,train
data\processed\1017_ITH_ANG_XX.npy,1017,ITH,ANG,XX,train
data\processed\1023_ITH_SAD_XX.npy,1023,ITH,SAD,XX,train
data\processed\1042_ITH_SAD_XX.npy,1042,ITH,SAD,XX,train
data\processed\1048_ITH_NEU_XX.npy,1048,ITH,NEU,XX,train
data\processed\1031_ITH_ANG_XX.npy,1031,ITH,ANG,XX,train
data\processed\1011_ITH_NEU_XX.npy,1011,ITH,NEU,XX,train
data\processed\1039_ITH_NEU_XX.npy,1039,ITH,NEU,XX,train
data\processed\1004_ITH_NEU_XX.npy,1004,ITH,NEU,XX,train
data\processed\1013_ITH_ANG_XX.npy,1013,ITH,ANG,XX,train
data\processed\1001_ITH_ANG_XX.npy,1001,ITH,ANG,XX,train
data\processed\1015_ITH_HAP_XX.npy,1015,ITH,HAP,XX,train
data\processed\1038_ITH_NEU_XX.npy,1038,ITH,NEU,XX,train
data\processed\1036_ITH_FEA_XX.npy,1036,ITH,FEA,XX,train
data\processed\1044_ITH_DIS_XX.npy,1044,ITH,DIS,XX,train
data\processed\1029_ITH_HAP_XX.npy,1029,ITH,HAP,XX,train
data\processed\1027_ITH_ANG_XX.npy,1027,ITH,ANG,XX,train
data\processed\1026_ITH_SAD_XX.npy,1026,ITH,SAD,XX,train
data\processed\1032_ITH_SAD_XX.npy,1032,ITH,SAD,XX,train
data\processed\1031_ITH_FEA_XX.npy,1031,ITH,FEA,XX,train
data\processed\1014_ITH_DIS_XX.npy,1014,ITH,DIS,XX,train
data\processed\1005_ITH_FEA_XX.npy,1005,ITH,FEA,XX,train
data\processed\1001_ITH_NEU_XX.npy,1001,ITH,NEU,XX,train
data\processed\1030_ITH_DIS_XX.npy,1030,ITH,DIS,XX,train
data\processed\1024_ITS_ANG_XX.npy,1024,ITS,ANG,XX,test
data\processed\1048_ITS_NEU_XX.npy,1048,ITS,NEU,XX,dev
data\processed\1016_ITS_DIS_XX.npy,1016,ITS,DIS,XX,dev
data\processed\1012_ITS_SAD_XX.npy,1012,ITS,SAD,XX,dev
data\processed\1036_ITS_FEA_XX.npy,1036,ITS,FEA,XX,dev
data\processed\1010_ITS_NEU_XX.npy,1010,ITS,NEU,XX,dev
data\processed\1047_ITS_NEU_XX.npy,1047,ITS,NEU,XX,dev
data\processed\1036_ITS_SAD_XX.npy,1036,ITS,SAD,XX,dev
data\processed\1008_ITS_ANG_XX.npy,1008,ITS,ANG,XX,dev
data\processed\1026_ITS_HAP_XX.npy,1026,ITS,HAP,XX,dev
data\processed\1020_ITS_SAD_XX.npy,1020,ITS,SAD,XX,dev
data\processed\1001_ITS_FEA_XX.npy,1001,ITS,FEA,XX,dev
data\processed\1005_ITS_SAD_XX.npy,1005,ITS,SAD,XX,dev
data\processed\1029_ITS_ANG_XX.npy,1029,ITS,ANG,XX,dev
data\processed\1037_ITS_NEU_XX.npy,1037,ITS,NEU,XX,dev
data\processed\1018_ITS_HAP_XX.npy,1018,ITS,HAP,XX,dev
data\processed\1012_ITS_DIS_XX.npy,1012,ITS,DIS,XX,dev
data\processed\1026_ITS_DIS_XX.npy,1026,ITS,DIS,XX,dev
data\processed\1043_ITS_NEU_XX.npy,1043,ITS,NEU,XX,dev
data\processed\1026_ITS_SAD_XX.npy,1026,ITS,SAD,XX,dev
data\processed\1020_ITS_DIS_XX.npy,1020,ITS,DIS,XX,dev
data\processed\1009_ITS_SAD_XX.npy,1009,ITS,SAD,XX,dev
data\processed\1032_ITS_FEA_XX.npy,1032,ITS,FEA,XX,dev
data\processed\1004_ITS_SAD_XX.npy,1004,ITS,SAD,XX,dev
data\processed\1015_ITS_HAP_XX.npy,1015,ITS,HAP,XX,dev
data\processed\1034_ITS_NEU_XX.npy,1034,ITS,NEU,XX,dev
data\processed\1035_ITS_NEU_XX.npy,1035,ITS,NEU,XX,dev
data\processed\1012_ITS_FEA_XX.npy,1012,ITS,FEA,XX,dev
data\processed\1031_ITS_SAD_XX.npy,1031,ITS,SAD,XX,dev
data\processed\1046_ITS_HAP_XX.npy,1046,ITS,HAP,XX,dev
data\processed\1028_ITS_SAD_XX.npy,1028,ITS,SAD,XX,dev
data\processed\1008_ITS_NEU_XX.npy,1008,ITS,NEU,XX,dev
data\processed\1006_ITS_ANG_XX.npy,1006,ITS,ANG,XX,dev
data\processed\1044_ITS_ANG_XX.npy,1044,ITS,ANG,XX,dev
data\processed\1010_ITS_FEA_XX.npy,1010,ITS,FEA,XX,dev
data\processed\1033_ITS_DIS_XX.npy,1033,ITS,DIS,XX,dev
data\processed\1048_ITS_ANG_XX.npy,1048,ITS,ANG,XX,dev
data\processed\1011_ITS_SAD_XX.npy,1011,ITS,SAD,XX,dev
data\processed\1031_ITS_ANG_XX.npy,1031,ITS,ANG,XX,dev
data\processed\1027_ITS_SAD_XX.npy,1027,ITS,SAD,XX,dev
data\processed\1012_ITS_HAP_XX.npy,1012,ITS,HAP,XX,dev
data\processed\1039_ITS_FEA_XX.npy,1039,ITS,FEA,XX,dev
data\processed\1039_ITS_HAP_XX.npy,1039,ITS,HAP,XX,dev
data\processed\1033_ITS_NEU_XX.npy,1033,ITS,NEU,XX,dev
data\processed\1042_ITS_FEA_XX.npy,1042,ITS,FEA,XX,dev
data\processed\1009_ITS_HAP_XX.npy,1009,ITS,HAP,XX,dev
data\processed\1024_ITS_DIS_XX.npy,1024,ITS,DIS,XX,dev
data\processed\1028_ITS_FEA_XX.npy,1028,ITS,FEA,XX,dev
data\processed\1019_ITS_SAD_XX.npy,1019,ITS,SAD,XX,dev
data\processed\1002_ITS_DIS_XX.npy,1002,ITS,DIS,XX,dev
data\processed\1021_ITS_FEA_XX.npy,1021,ITS,FEA,XX,dev
data\processed\1038_ITS_ANG_XX.npy,1038,ITS,ANG,XX,dev
data\processed\1037_ITS_ANG_XX.npy,1037,ITS,ANG,XX,dev
data\processed\1022_ITS_ANG_XX.npy,1022,ITS,ANG,XX,dev
data\processed\1019_ITS_DIS_XX.npy,1019,ITS,DIS,XX,dev
data\processed\1038_ITS_SAD_XX.npy,1038,ITS,SAD,XX,dev
data\processed\1031_ITS_DIS_XX.npy,1031,ITS,DIS,XX,dev
data\processed\1018_ITS_NEU_XX.npy,1018,ITS,NEU,XX,dev
data\processed\1006_ITS_DIS_XX.npy,1006,ITS,DIS,XX,dev
data\processed\1041_ITS_ANG_XX.npy,1041,ITS,ANG,XX,dev
data\processed\1042_ITS_NEU_XX.npy,1042,ITS,NEU,XX,dev
data\processed\1045_ITS_HAP_XX.npy,1045,ITS,HAP,XX,dev
data\processed\1047_ITS_FEA_XX.npy,1047,ITS,FEA,XX,dev
data\processed\1014_ITS_DIS_XX.npy,1014,ITS,DIS,XX,dev
data\processed\1018_ITS_DIS_XX.npy,1018,ITS,DIS,XX,dev
data\processed\1014_ITS_SAD_XX.npy,1014,ITS,SAD,XX,dev
data\processed\1004_ITS_DIS_XX.npy,1004,ITS,DIS,XX,dev
data\processed\1013_ITS_NEU_XX.npy,1013,ITS,NEU,XX,dev
data\processed\1020_ITS_ANG_XX.npy,1020,ITS,ANG,XX,dev
data\processed\1010_ITS_ANG_XX.npy,1010,ITS,ANG,XX,dev
data\processed\1037_ITS_DIS_XX.npy,1037,ITS,DIS,XX,dev
data\processed\1032_ITS_DIS_XX.npy,1032,ITS,DIS,XX,dev
data\processed\1021_ITS_SAD_XX.npy,1021,ITS,SAD,XX,dev
data\processed\1009_ITS_FEA_XX.npy,1009,ITS,FEA,XX,dev
data\processed\1043_ITS_FEA_XX.npy,1043,ITS,FEA,XX,dev
data\processed\1015_ITS_NEU_XX.npy,1015,ITS,NEU,XX,dev
data\processed\1034_ITS_HAP_XX.npy,1034,ITS,HAP,XX,dev
data\processed\1026_ITS_FEA_XX.npy,1026,ITS,FEA,XX,dev
data\processed\1022_ITS_SAD_XX.npy,1022,ITS,SAD,XX,dev
data\processed\1014_ITS_ANG_XX.npy,1014,ITS,ANG,XX,dev
data\processed\1019_ITS_NEU_XX.npy,1019,ITS,NEU,XX,dev
data\processed\1003_ITS_NEU_XX.npy,1003,ITS,NEU,XX,dev
data\processed\1045_ITS_FEA_XX.npy,1045,ITS,FEA,XX,dev
data\processed\1020_ITS_FEA_XX.npy,1020,ITS,FEA,XX,dev
data\processed\1022_ITS_FEA_XX.npy,1022,ITS,FEA,XX,dev
data\processed\1029_ITS_HAP_XX.npy,1029,ITS,HAP,XX,dev
data\processed\1006_ITS_NEU_XX.npy,1006,ITS,NEU,XX,dev
data\processed\1027_ITS_DIS_XX.npy,1027,ITS,DIS,XX,dev
data\processed\1033_ITS_ANG_XX.npy,1033,ITS,ANG,XX,dev
data\processed\1029_ITS_DIS_XX.npy,1029,ITS,DIS,XX,dev
data\processed\1040_ITS_NEU_XX.npy,1040,ITS,NEU,XX,dev
data\processed\1016_ITS_NEU_XX.npy,1016,ITS,NEU,XX,dev
data\processed\1024_ITS_SAD_XX.npy,1024,ITS,SAD,XX,dev
data\processed\1014_ITS_HAP_XX.npy,1014,ITS,HAP,XX,dev
data\processed\1009_ITS_ANG_XX.npy,1009,ITS,ANG,XX,dev
data\processed\1031_ITS_FEA_XX.npy,1031,ITS,FEA,XX,dev
data\processed\1034_ITS_FEA_XX.npy,1034,ITS,FEA,XX,dev
data\processed\1013_ITS_FEA_XX.npy,1013,ITS,FEA,XX,dev
data\processed\1048_ITS_DIS_XX.npy,1048,ITS,DIS,XX,dev
data\processed\1004_ITS_NEU_XX.npy,1004,ITS,NEU,XX,dev
data\processed\1047_ITS_DIS_XX.npy,1047,ITS,DIS,XX,dev
data\processed\1045_ITS_DIS_XX.npy,1045,ITS,DIS,XX,dev
data\processed\1042_ITS_SAD_XX.npy,1042,ITS,SAD,XX,dev
data\processed\1041_ITS_DIS_XX.npy,1041,ITS,DIS,XX,dev
data\processed\1012_ITS_ANG_XX.npy,1012,ITS,ANG,XX,dev
data\processed\1019_ITS_ANG_XX.npy,1019,ITS,ANG,XX,dev
data\processed\1024_ITS_NEU_XX.npy,1024,ITS,NEU,XX,dev
data\processed\1035_ITS_ANG_XX.npy,1035,ITS,ANG,XX,dev
data\processed\1008_ITS_HAP_XX.npy,1008,ITS,HAP,XX,dev
data\processed\1014_ITS_FEA_XX.npy,1014,ITS,FEA,XX,dev
data\processed\1028_ITS_NEU_XX.npy,1028,ITS,NEU,XX,dev
data\processed\1033_ITS_FEA_XX.npy,1033,ITS,FEA,XX,dev
data\processed\1008_ITS_SAD_XX.npy,1008,ITS,SAD,XX,dev
data\processed\1044_ITS_DIS_XX.npy,1044,ITS,DIS,XX,dev
data\processed\1026_ITS_ANG_XX.npy,1026,ITS,ANG,XX,dev
data\processed\1033_ITS_HAP_XX.npy,1033,ITS,HAP,XX,dev
data\processed\1031_ITS_NEU_XX.npy,1031,ITS,NEU,XX,dev
data\processed\1022_ITS_HAP_XX.npy,1022,ITS,HAP,XX,dev
data\processed\1022_ITS_DIS_XX.npy,1022,ITS,DIS,XX,dev
data\processed\1013_ITS_HAP_XX.npy,1013,ITS,HAP,XX,dev
data\processed\1021_ITS_NEU_XX.npy,1021,ITS,NEU,XX,dev
data\processed\1009_ITS_NEU_XX.npy,1009,ITS,NEU,XX,dev
data\processed\1024_ITS_HAP_XX.npy,1024,ITS,HAP,XX,dev
data\processed\1036_ITS_NEU_XX.npy,1036,ITS,NEU,XX,dev
data\processed\1004_ITS_HAP_XX.npy,1004,ITS,HAP,XX,dev
data\processed\1004_ITS_FEA_XX.npy,1004,ITS,FEA,XX,dev
data\processed\1010_ITS_SAD_XX.npy,1010,ITS,SAD,XX,dev
data\processed\1013_ITS_SAD_XX.npy,1013,ITS,SAD,XX,dev
data\processed\1020_ITS_HAP_XX.npy,1020,ITS,HAP,XX,dev
data\processed\1044_ITS_NEU_XX.npy,1044,ITS,NEU,XX,dev
data\processed\1038_ITS_DIS_XX.npy,1038,ITS,DIS,XX,dev
data\processed\1023_ITS_DIS_XX.npy,1023,ITS,DIS,XX,dev
data\processed\1030_ITS_HAP_XX.npy,1030,ITS,HAP,XX,dev
data\processed\1040_ITS_HAP_XX.npy,1040,ITS,HAP,XX,dev
data\processed\1023_ITS_SAD_XX.npy,1023,ITS,SAD,XX,dev
data\processed\1007_ITS_ANG_XX.npy,1007,ITS,ANG,XX,dev
data\processed\1032_ITS_ANG_XX.npy,1032,ITS,ANG,XX,dev
data\processed\1005_ITS_HAP_XX.npy,1005,ITS,HAP,XX,dev
data\processed\1017_ITS_NEU_XX.npy,1017,ITS,NEU,XX,dev
data\processed\1032_ITS_NEU_XX.npy,1032,ITS,NEU,XX,dev
data\processed\1046_ITS_DIS_XX.npy,1046,ITS,DIS,XX,dev
data\processed\1025_ITS_HAP_XX.npy,1025,ITS,HAP,XX,dev
data\processed\1036_ITS_HAP_XX.npy,1036,ITS,HAP,XX,dev
data\processed\1021_ITS_DIS_XX.npy,1021,ITS,DIS,XX,dev
data\processed\1001_ITS_SAD_XX.npy,1001,ITS,SAD,XX,dev
data\processed\1016_ITS_SAD_XX.npy,1016,ITS,SAD,XX,train
data\processed\1044_ITS_FEA_XX.npy,1044,ITS,FEA,XX,train
data\processed\1012_ITS_NEU_XX.npy,1012,ITS,NEU,XX,train
data\processed\1011_ITS_NEU_XX.npy,1011,ITS,NEU,XX,train
data\processed\1003_ITS_SAD_XX.npy,1003,ITS,SAD,XX,train
data\processed\1025_ITS_NEU_XX.npy,1025,ITS,NEU,XX,train
data\processed\1026_ITS_NEU_XX.npy,1026,ITS,NEU,XX,train
data\processed\1039_ITS_ANG_XX.npy,1039,ITS,ANG,XX,train
data\processed\1037_ITS_FEA_XX.npy,1037,ITS,FEA,XX,train
data\processed\1037_ITS_SAD_XX.npy,1037,ITS,SAD,XX,train
data\processed\1048_ITS_FEA_XX.npy,1048,ITS,FEA,XX,train
data\processed\1046_ITS_FEA_XX.npy,1046,ITS,FEA,XX,train
data\processed\1043_ITS_ANG_XX.npy,1043,ITS,ANG,XX,train
data\processed\1039_ITS_DIS_XX.npy,1039,ITS,DIS,XX,train
data\processed\1030_ITS_FEA_XX.npy,1030,ITS,FEA,XX,train
data\processed\1019_ITS_FEA_XX.npy,1019,ITS,FEA,XX,train
data\processed\1005_ITS_ANG_XX.npy,1005,ITS,ANG,XX,train
data\processed\1015_ITS_SAD_XX.npy,1015,ITS,SAD,XX,train
data\processed\1034_ITS_SAD_XX.npy,1034,ITS,SAD,XX,train
data\processed\1018_ITS_FEA_XX.npy,1018,ITS,FEA,XX,train
data\processed\1006_ITS_HAP_XX.npy,1006,ITS,HAP,XX,train
data\processed\1004_ITS_ANG_XX.npy,1004,ITS,ANG,XX,train
data\processed\1018_ITS_ANG_XX.npy,1018,ITS,ANG,XX,train
data\processed\1023_ITS_NEU_XX.npy,1023,ITS,NEU,XX,train
data\processed\1010_ITS_DIS_XX.npy,1010,ITS,DIS,XX,train
data\processed\1032_ITS_HAP_XX.npy,1032,ITS,HAP,XX,train
data\processed\1035_ITS_HAP_XX.npy,1035,ITS,HAP,XX,train
data\processed\1044_ITS_HAP_XX.npy,1044,ITS,HAP,XX,train
data\processed\1046_ITS_NEU_XX.npy,1046,ITS,NEU,XX,train
data\processed\1015_ITS_DIS_XX.npy,1015,ITS,DIS,XX,train
data\processed\1025_ITS_DIS_XX.npy,1025,ITS,DIS,XX,train
data\processed\1019_ITS_HAP_XX.npy,1019,ITS,HAP,XX,train
data\processed\1035_ITS_SAD_XX.npy,1035,ITS,SAD,XX,train
data\processed\1032_ITS_SAD_XX.npy,1032,ITS,SAD,XX,train
data\processed\1047_ITS_HAP_XX.npy,1047,ITS,HAP,XX,train
data\processed\1029_ITS_NEU_XX.npy,1029,ITS,NEU,XX,train
data\processed\1042_ITS_HAP_XX.npy,1042,ITS,HAP,XX,train
data\processed\1040_ITS_FEA_XX.npy,1040,ITS,FEA,XX,train
data\processed\1027_ITS_ANG_XX.npy,1027,ITS,ANG,XX,train
data\processed\1025_ITS_FEA_XX.npy,1025,ITS,FEA,XX,train
data\processed\1005_ITS_NEU_XX.npy,1005,ITS,NEU,XX,train
data\processed\1003_ITS_ANG_XX.npy,1003,ITS,ANG,XX,train
data\processed\1045_ITS_ANG_XX.npy,1045,ITS,ANG,XX,train
data\processed\1041_ITS_FEA_XX.npy,1041,ITS,FEA,XX,train
data\processed\1048_ITS_SAD_XX.npy,1048,ITS,SAD,XX,train
data\processed\1014_ITS_NEU_XX.npy,1014,ITS,NEU,XX,train
data\processed\1038_ITS_HAP_XX.npy,1038,ITS,HAP,XX,train
data\processed\1001_ITS_NEU_XX.npy,1001,ITS,NEU,XX,train
data\processed\1007_ITS_FEA_XX.npy,1007,ITS,FEA,XX,train
data\processed\1040_ITS_ANG_XX.npy,1040,ITS,ANG,XX,train
data\processed\1043_ITS_HAP_XX.npy,1043,ITS,HAP,XX,train
data\processed\1017_ITS_HAP_XX.npy,1017,ITS,HAP,XX,train
data\processed\1030_ITS_DIS_XX.npy,1030,ITS,DIS,XX,train
data\processed\1001_ITS_DIS_XX.npy,1001,ITS,DIS,XX,train
data\processed\1025_ITS_SAD_XX.npy,1025,ITS,SAD,XX,train
data\processed\1036_ITS_ANG_XX.npy,1036,ITS,ANG,XX,train
data\processed\1001_ITS_HAP_XX.npy,1001,ITS,HAP,XX,train
data\processed\1033_ITS_SAD_XX.npy,1033,ITS,SAD,XX,train
data\processed\1041_ITS_SAD_XX.npy,1041,ITS,SAD,XX,train
data\processed\1017_ITS_FEA_XX.npy,1017,ITS,FEA,XX,train
data\processed\1006_ITS_SAD_XX.npy,1006,ITS,SAD,XX,train
data\processed\1025_ITS_ANG_XX.npy,1025,ITS,ANG,XX,train
data\processed\1016_ITS_HAP_XX.npy,1016,ITS,HAP,XX,train
data\processed\1020_ITS_NEU_XX.npy,1020,ITS,NEU,XX,train
data\processed\1018_ITS_SAD_XX.npy,1018,ITS,SAD,XX,train
data\processed\1040_ITS_DIS_XX.npy,1040,ITS,DIS,XX,train
data\processed\1037_ITS_HAP_XX.npy,1037,ITS,HAP,XX,train
data\processed\1046_ITS_ANG_XX.npy,1046,ITS,ANG,XX,train
data\processed\1011_ITS_ANG_XX.npy,1011,ITS,ANG,XX,train
data\processed\1008_ITS_DIS_XX.npy,1008,ITS,DIS,XX,train
data\processed\1038_ITS_NEU_XX.npy,1038,ITS,NEU,XX,train
data\processed\1013_ITS_ANG_XX.npy,1013,ITS,ANG,XX,train
data\processed\1028_ITS_ANG_XX.npy,1028,ITS,ANG,XX,train
data\processed\1011_ITS_DIS_XX.npy,1011,ITS,DIS,XX,train
data\processed\1010_ITS_HAP_XX.npy,1010,ITS,HAP,XX,train
data\processed\1002_ITS_SAD_XX.npy,1002,ITS,SAD,XX,train
data\processed\1017_ITS_SAD_XX.npy,1017,ITS,SAD,XX,train
data\processed\1029_ITS_SAD_XX.npy,1029,ITS,SAD,XX,train
data\processed\1042_ITS_ANG_XX.npy,1042,ITS,ANG,XX,train
data\processed\1021_ITS_HAP_XX.npy,1021,ITS,HAP,XX,train
data\processed\1045_ITS_NEU_XX.npy,1045,ITS,NEU,XX,train
data\processed\1015_ITS_ANG_XX.npy,1015,ITS,ANG,XX,train
data\processed\1027_ITS_HAP_XX.npy,1027,ITS,HAP,XX,train
data\processed\1038_ITS_FEA_XX.npy,1038,ITS,FEA,XX,train
data\processed\1011_ITS_FEA_XX.npy,1011,ITS,FEA,XX,train
data\processed\1030_ITS_ANG_XX.npy,1030,ITS,ANG,XX,train
data\processed\1028_ITS_DIS_XX.npy,1028,ITS,DIS,XX,train
data\processed\1040_ITS_SAD_XX.npy,1040,ITS,SAD,XX,train
data\processed\1034_ITS_DIS_XX.npy,1034,ITS,DIS,XX,train
data\processed\1008_ITS_FEA_XX.npy,1008,ITS,FEA,XX,train
data\processed\1043_ITS_SAD_XX.npy,1043,ITS,SAD,XX,train
data\processed\1007_ITS_DIS_XX.npy,1007,ITS,DIS,XX,train
data\processed\1030_ITS_NEU_XX.npy,1030,ITS,NEU,XX,train
data\processed\1024_ITS_FEA_XX.npy,1024,ITS,FEA,XX,train
data\processed\1007_ITS_NEU_XX.npy,1007,ITS,NEU,XX,train
data\processed\1015_ITS_FEA_XX.npy,1015,ITS,FEA,XX,train
data\processed\1017_ITS_ANG_XX.npy,1017,ITS,ANG,XX,train
data\processed\1001_ITS_ANG_XX.npy,1001,ITS,ANG,XX,train
data\processed\1002_ITS_HAP_XX.npy,1002,ITS,HAP,XX,train
data\processed\1013_ITS_DIS_XX.npy,1013,ITS,DIS,XX,train
data\processed\1045_ITS_SAD_XX.npy,1045,ITS,SAD,XX,train
data\processed\1027_ITS_NEU_XX.npy,1027,ITS,NEU,XX,train
data\processed\1023_ITS_ANG_XX.npy,1023,ITS,ANG,XX,train
data\processed\1047_ITS_SAD_XX.npy,1047,ITS,SAD,XX,train
data\processed\1007_ITS_HAP_XX.npy,1007,ITS,HAP,XX,train
data\processed\1002_ITS_FEA_XX.npy,1002,ITS,FEA,XX,train
data\processed\1042_ITS_DIS_XX.npy,1042,ITS,DIS,XX,train
data\processed\1021_ITS_ANG_XX.npy,1021,ITS,ANG,XX,train
data\processed\1005_ITS_DIS_XX.npy,1005,ITS,DIS,XX,train
data\processed\1041_ITS_NEU_XX.npy,1041,ITS,NEU,XX,train
data\processed\1047_ITS_ANG_XX.npy,1047,ITS,ANG,XX,train
data\processed\1029_ITS_FEA_XX.npy,1029,ITS,FEA,XX,train
data\processed\1044_ITS_SAD_XX.npy,1044,ITS,SAD,XX,train
data\processed\1046_ITS_SAD_XX.npy,1046,ITS,SAD,XX,train
data\processed\1003_ITS_FEA_XX.npy,1003,ITS,FEA,XX,train
data\processed\1023_ITS_FEA_XX.npy,1023,ITS,FEA,XX,train
data\processed\1035_ITS_DIS_XX.npy,1035,ITS,DIS,XX,train
data\processed\1005_ITS_FEA_XX.npy,1005,ITS,FEA,XX,train
data\processed\1007_ITS_SAD_XX.npy,1007,ITS,SAD,XX,train
data\processed\1041_ITS_HAP_XX.npy,1041,ITS,HAP,XX,train
data\processed\1043_ITS_DIS_XX.npy,1043,ITS,DIS,XX,train
data\processed\1039_ITS_SAD_XX.npy,1039,ITS,SAD,XX,train
data\processed\1028_ITS_HAP_XX.npy,1028,ITS,HAP,XX,train
data\processed\1002_ITS_ANG_XX.npy,1002,ITS,ANG,XX,train
data\processed\1035_ITS_FEA_XX.npy,1035,ITS,FEA,XX,train
data\processed\1016_ITS_ANG_XX.npy,1016,ITS,ANG,XX,train
data\processed\1002_ITS_NEU_XX.npy,1002,ITS,NEU,XX,train
data\processed\1030_ITS_SAD_XX.npy,1030,ITS,SAD,XX,train
data\processed\1003_ITS_DIS_XX.npy,1003,ITS,DIS,XX,train
data\processed\1011_ITS_HAP_XX.npy,1011,ITS,HAP,XX,train
data\processed\1009_ITS_DIS_XX.npy,1009,ITS,DIS,XX,train
data\processed\1031_ITS_HAP_XX.npy,1031,ITS,HAP,XX,train
data\processed\1006_ITS_FEA_XX.npy,1006,ITS,FEA,XX,train
data\processed\1034_ITS_ANG_XX.npy,1034,ITS,ANG,XX,train
data\processed\1017_ITS_DIS_XX.npy,1017,ITS,DIS,XX,train
data\processed\1023_ITS_HAP_XX.npy,1023,ITS,HAP,XX,train
data\processed\1048_ITS_HAP_XX.npy,1048,ITS,HAP,XX,train
data\processed\1003_ITS_HAP_XX.npy,1003,ITS,HAP,XX,train
data\processed\1016_ITS_FEA_XX.npy,1016,ITS,FEA,XX,train
data\processed\1036_ITS_DIS_XX.npy,1036,ITS,DIS,XX,train
data\processed\1039_ITS_NEU_XX.npy,1039,ITS,NEU,XX,train
data\processed\1027_ITS_FEA_XX.npy,1027,ITS,FEA,XX,train
data\processed\1022_ITS_NEU_XX.npy,1022,ITS,NEU,XX,train
data\processed\1003_IWL_HAP_XX.npy,1003,IWL,HAP,XX,test
data\processed\1026_IWL_DIS_XX.npy,1026,IWL,DIS,XX,dev
data\processed\1033_IWL_SAD_XX.npy,1033,IWL,SAD,XX,dev
data\processed\1034_IWL_NEU_XX.npy,1034,IWL,NEU,XX,dev
data\processed\1004_IWL_ANG_XX.npy,1004,IWL,ANG,XX,dev
data\processed\1031_IWL_NEU_XX.npy,1031,IWL,NEU,XX,dev
data\processed\1033_IWL_FEA_XX.npy,1033,IWL,FEA,XX,dev
data\processed\1006_IWL_DIS_XX.npy,1006,IWL,DIS,XX,dev
data\processed\1029_IWL_DIS_XX.npy,1029,IWL,DIS,XX,dev
data\processed\1040_IWL_HAP_XX.npy,1040,IWL,HAP,XX,dev
data\processed\1018_IWL_SAD_XX.npy,1018,IWL,SAD,XX,dev
data\processed\1019_IWL_HAP_XX.npy,1019,IWL,HAP,XX,dev
data\processed\1033_IWL_NEU_XX.npy,1033,IWL,NEU,XX,dev
data\processed\1048_IWL_NEU_XX.npy,1048,IWL,NEU,XX,dev
data\processed\1015_IWL_ANG_XX.npy,1015,IWL,ANG,XX,dev
data\processed\1009_IWL_DIS_XX.npy,1009,IWL,DIS,XX,dev
data\processed\1045_IWL_NEU_XX.npy,1045,IWL,NEU,XX,dev
data\processed\1010_IWL_ANG_XX.npy,1010,IWL,ANG,XX,dev
data\processed\1043_IWL_ANG_XX.npy,1043,IWL,ANG,XX,dev
data\processed\1046_IWL_DIS_XX.npy,1046,IWL,DIS,XX,dev
data\processed\1001_IWL_NEU_XX.npy,1001,IWL,NEU,XX,dev
data\processed\1047_IWL_DIS_XX.npy,1047,IWL,DIS,XX,dev
data\processed\1041_IWL_HAP_XX.npy,1041,IWL,HAP,XX,dev
data\processed\1014_IWL_SAD_XX.npy,1014,IWL,SAD,XX,dev
data\processed\1046_IWL_SAD_XX.npy,1046,IWL,SAD,XX,dev
data\processed\1023_IWL_FEA_XX.npy,1023,IWL,FEA,XX,dev
data\processed\1023_IWL_ANG_XX.npy,1023,IWL,ANG,XX,dev
data\processed\1028_IWL_NEU_XX.npy,1028,IWL,NEU,XX,dev
data\processed\1011_IWL_NEU_XX.npy,1011,IWL,NEU,XX,dev
data\processed\1029_IWL_NEU_XX.npy,1029,IWL,NEU,XX,train
data\processed\1013_IWL_NEU_XX.npy,1013,IWL,NEU,XX,train
data\processed\1045_IWL_FEA_XX.npy,1045,IWL,FEA,XX,train
data\processed\1002_IWL_DIS_XX.npy,1002,IWL,DIS,XX,train
data\processed\1011_IWL_SAD_XX.npy,1011,IWL,SAD,XX,train
data\processed\1006_IWL_FEA_XX.npy,1006,IWL,FEA,XX,train
data\processed\1025_IWL_DIS_XX.npy,1025,IWL,DIS,XX,train
data\processed\1003_IWL_ANG_XX.npy,1003,IWL,ANG,XX,train
data\processed\1043_IWL_SAD_XX.npy,1043,IWL,SAD,XX,train
data\processed\1037_IWL_HAP_XX.npy,1037,IWL,HAP,XX,train
data\processed\1047_IWL_FEA_XX.npy,1047,IWL,FEA,XX,train
data\processed\1032_IWL_SAD_XX.npy,1032,IWL,SAD,XX,train
data\processed\1012_IWL_HAP_XX.npy,1012,IWL,HAP,XX,train
data\processed\1008_IWL_ANG_XX.npy,1008,IWL,ANG,XX,train
data\processed\1042_IWL_NEU_XX.npy,1042,IWL,NEU,XX,train
data\processed\1002_IWL_HAP_XX.npy,1002,IWL,HAP,XX,train
data\processed\1011_IWL_HAP_XX.npy,1011,IWL,HAP,XX,train
data\processed\1044_IWL_HAP_XX.npy,1044,IWL,HAP,XX,train
data\processed\1039_IWL_NEU_XX.npy,1039,IWL,NEU,XX,train
data\processed\1048_IWL_DIS_XX.npy,1048,IWL,DIS,XX,train
data\processed\1031_IWL_DIS_XX.npy,1031,IWL,DIS,XX,train
data\processed\1019_IWL_NEU_XX.npy,1019,IWL,NEU,XX,train
data\processed\1027_IWL_DIS_XX.npy,1027,IWL,DIS,XX,train
data\processed\1048_IWL_ANG_XX.npy,1048,IWL,ANG,XX,train
data\processed\1046_IWL_NEU_XX.npy,1046,IWL,NEU,XX,train
data\processed\1007_IWL_FEA_XX.npy,1007,IWL,FEA,XX,train
data\processed\1032_IWL_NEU_XX.npy,1032,IWL,NEU,XX,train
data\processed\1035_IWL_ANG_XX.npy,1035,IWL,ANG,XX,train
data\processed\1039_IWL_DIS_XX.npy,1039,IWL,DIS,XX,train
data\processed\1008_IWL_DIS_XX.npy,1008,IWL,DIS,XX,train
data\processed\1004_IWL_HAP_XX.npy,1004,IWL,HAP,XX,train
data\processed\1029_IWL_SAD_XX.npy,1029,IWL,SAD,XX,train
data\processed\1039_IWL_FEA_XX.npy,1039,IWL,FEA,XX,train
data\processed\1008_IWL_HAP_XX.npy,1008,IWL,HAP,XX,train
data\processed\1044_IWL_SAD_XX.npy,1044,IWL,SAD,XX,train
data\processed\1036_IWL_DIS_XX.npy,1036,IWL,DIS,XX,train
data\processed\1006_IWL_NEU_XX.npy,1006,IWL,NEU,XX,train
data\processed\1026_IWL_HAP_XX.npy,1026,IWL,HAP,XX,train
data\processed\1025_IWL_HAP_XX.npy,1025,IWL,HAP,XX,train
data\processed\1030_IWL_ANG_XX.npy,1030,IWL,ANG,XX,train
data\processed\1019_IWL_SAD_XX.npy,1019,IWL,SAD,XX,train
data\processed\1014_IWL_NEU_XX.npy,1014,IWL,NEU,XX,train
data\processed\1047_IWL_NEU_XX.npy,1047,IWL,NEU,XX,train
data\processed\1041_IWL_FEA_XX.npy,1041,IWL,FEA,XX,train
data\processed\1014_IWL_FEA_XX.npy,1014,IWL,FEA,XX,train
data\processed\1037_IWL_NEU_XX.npy,1037,IWL,NEU,XX,train
data\processed\1017_IWL_ANG_XX.npy,1017,IWL,ANG,XX,train
data\processed\1027_IWL_SAD_XX.npy,1027,IWL,SAD,XX,train
data\processed\1039_IWL_ANG_XX.npy,1039,IWL,ANG,XX,train
data\processed\1035_IWL_DIS_XX.npy,1035,IWL,DIS,XX,train
data\processed\1009_IWL_SAD_XX.npy,1009,IWL,SAD,XX,train
data\processed\1023_IWL_NEU_XX.npy,1023,IWL,NEU,XX,train
data\processed\1048_IWL_FEA_XX.npy,1048,IWL,FEA,XX,train
data\processed\1025_IWL_SAD_XX.npy,1025,IWL,SAD,XX,train
data\processed\1023_IWL_SAD_XX.npy,1023,IWL,SAD,XX,train
data\processed\1036_IWL_NEU_XX.npy,1036,IWL,NEU,XX,train
data\processed\1046_IWL_ANG_XX.npy,1046,IWL,ANG,XX,train
data\processed\1040_IWL_FEA_XX.npy,1040,IWL,FEA,XX,train
data\processed\1024_IWL_FEA_XX.npy,1024,IWL,FEA,XX,train
data\processed\1041_IWL_ANG_XX.npy,1041,IWL,ANG,XX,train
data\processed\1017_IWL_SAD_XX.npy,1017,IWL,SAD,XX,train
data\processed\1003_IWL_NEU_XX.npy,1003,IWL,NEU,XX,train
data\processed\1033_IWL_HAP_XX.npy,1033,IWL,HAP,XX,train
data\processed\1043_IWL_FEA_XX.npy,1043,IWL,FEA,XX,train
data\processed\1009_IWL_ANG_XX.npy,1009,IWL,ANG,XX,train
data\processed\1032_IWL_HAP_XX.npy,1032,IWL,HAP,XX,train
data\processed\1019_IWL_DIS_XX.npy,1019,IWL,DIS,XX,train
data\processed\1020_IWL_DIS_XX.npy,1020,IWL,DIS,XX,train
data\processed\1001_IWL_HAP_XX.npy,1001,IWL,HAP,XX,train
data\processed\1043_IWL_NEU_XX.npy,1043,IWL,NEU,XX,train
data\processed\1015_IWL_SAD_XX.npy,1015,IWL,SAD,XX,train
data\processed\1030_IWL_HAP_XX.npy,1030,IWL,HAP,XX,train
data\processed\1043_IWL_DIS_XX.npy,1043,IWL,DIS,XX,train
data\processed\1004_IWL_NEU_XX.npy,1004,IWL,NEU,XX,train
data\processed\1007_IWL_SAD_XX.npy,1007,IWL,SAD,XX,train
data\processed\1040_IWL_SAD_XX.npy,1040,IWL,SAD,XX,train
data\processed\1005_IWL_DIS_XX.npy,1005,IWL,DIS,XX,train
data\processed\1027_IWL_NEU_XX.npy,1027,IWL,NEU,XX,train
data\processed\1040_IWL_NEU_XX.npy,1040,IWL,NEU,XX,train
data\processed\1043_IWL_HAP_XX.npy,1043,IWL,HAP,XX,train
data\processed\1001_IWL_SAD_XX.npy,1001,IWL,SAD,XX,train
data\processed\1023_IWL_DIS_XX.npy,1023,IWL,DIS,XX,train
data\processed\1028_IWL_SAD_XX.npy,1028,IWL,SAD,XX,train
data\processed\1002_IWL_ANG_XX.npy,1002,IWL,ANG,XX,train
data\processed\1010_IWL_DIS_XX.npy,1010,IWL,DIS,XX,train
data\processed\1018_IWL_HAP_XX.npy,1018,IWL,HAP,XX,train
data\processed\1034_IWL_DIS_XX.npy,1034,IWL,DIS,XX,train
data\processed\1034_IWL_SAD_XX.npy,1034,IWL,SAD,XX,train
data\processed\1037_IWL_DIS_XX.npy,1037,IWL,DIS,XX,train
data\processed\1021_IWL_NEU_XX.npy,1021,IWL,NEU,XX,train
data\processed\1011_IWL_ANG_XX.npy,1011,IWL,ANG,XX,train
data\processed\1002_IWL_SAD_XX.npy,1002,IWL,SAD,XX,train
data\processed\1001_IWL_ANG_XX.npy,1001,IWL,ANG,XX,train
data\processed\1030_IWL_NEU_XX.npy,1030,IWL,NEU,XX,train
data\processed\1012_IWL_ANG_XX.npy,1012,IWL,ANG,XX,train
data\processed\1041_IWL_DIS_XX.npy,1041,IWL,DIS,XX,train
data\processed\1005_IWL_SAD_XX.npy,1005,IWL,SAD,XX,train
data\processed\1024_IWL_DIS_XX.npy,1024,IWL,DIS,XX,train
data\processed\1031_IWL_SAD_XX.npy,1031,IWL,SAD,XX,train
data\processed\1025_IWL_NEU_XX.npy,1025,IWL,NEU,XX,train
data\processed\1010_IWL_FEA_XX.npy,1010,IWL,FEA,XX,train
data\processed\1022_IWL_SAD_XX.npy,1022,IWL,SAD,XX,train
data\processed\1020_IWL_NEU_XX.npy,1020,IWL,NEU,XX,train
data\processed\1017_IWL_HAP_XX.npy,1017,IWL,HAP,XX,train
data\processed\1028_IWL_ANG_XX.npy,1028,IWL,ANG,XX,train
data\processed\1037_IWL_SAD_XX.npy,1037,IWL,SAD,XX,train
data\processed\1034_IWL_FEA_XX.npy,1034,IWL,FEA,XX,train
data\processed\1032_IWL_ANG_XX.npy,1032,IWL,ANG,XX,train
data\processed\1047_IWL_HAP_XX.npy,1047,IWL,HAP,XX,train
data\processed\1008_IWL_SAD_XX.npy,1008,IWL,SAD,XX,train
data\processed\1011_IWL_FEA_XX.npy,1011,IWL,FEA,XX,train
data\processed\1034_IWL_HAP_XX.npy,1034,IWL,HAP,XX,train
data\processed\1047_IWL_SAD_XX.npy,1047,IWL,SAD,XX,train
data\processed\1020_IWL_ANG_XX.npy,1020,IWL,ANG,XX,train
data\processed\1027_IWL_HAP_XX.npy,1027,IWL,HAP,XX,train
data\processed\1013_IWL_FEA_XX.npy,1013,IWL,FEA,XX,train
data\processed\1048_IWL_SAD_XX.npy,1048,IWL,SAD,XX,train
data\processed\1005_IWL_FEA_XX.npy,1005,IWL,FEA,XX,train
data\processed\1028_IWL_DIS_XX.npy,1028,IWL,DIS,XX,train
data\processed\1027_IWL_FEA_XX.npy,1027,IWL,FEA,XX,train
data\processed\1026_IWL_FEA_XX.npy,1026,IWL,FEA,XX,train
data\processed\1012_IWL_SAD_XX.npy,1012,IWL,SAD,XX,train
data\processed\1019_IWL_FEA_XX.npy,1019,IWL,FEA,XX,train
data\processed\1028_IWL_FEA_XX.npy,1028,IWL,FEA,XX,train
data\processed\1016_IWL_SAD_XX.npy,1016,IWL,SAD,XX,train
data\processed\1032_IWL_DIS_XX.npy,1032,IWL,DIS,XX,train
data\processed\1021_IWL_ANG_XX.npy,1021,IWL,ANG,XX,train
data\processed\1022_IWL_FEA_XX.npy,1022,IWL,FEA,XX,train
data\processed\1031_IWL_ANG_XX.npy,1031,IWL,ANG,XX,train
data\processed\1018_IWL_ANG_XX.npy,1018,IWL,ANG,XX,train
data\processed\1006_IWL_ANG_XX.npy,1006,IWL,ANG,XX,train
data\processed\1006_IWL_HAP_XX.npy,1006,IWL,HAP,XX,train
data\processed\1027_IWL_ANG_XX.npy,1027,IWL,ANG,XX,train
data\processed\1017_IWL_FEA_XX.npy,1017,IWL,FEA,XX,train
data\processed\1013_IWL_ANG_XX.npy,1013,IWL,ANG,XX,train
data\processed\1016_IWL_DIS_XX.npy,1016,IWL,DIS,XX,train
data\processed\1046_IWL_HAP_XX.npy,1046,IWL,HAP,XX,train
data\processed\1009_IWL_HAP_XX.npy,1009,IWL,HAP,XX,train
data\processed\1013_IWL_DIS_XX.npy,1013,IWL,DIS,XX,train
data\processed\1010_IWL_SAD_XX.npy,1010,IWL,SAD,XX,train
data\processed\1007_IWL_DIS_XX.npy,1007,IWL,DIS,XX,train
data\processed\1017_IWL_DIS_XX.npy,1017,IWL,DIS,XX,train
data\processed\1016_IWL_NEU_XX.npy,1016,IWL,NEU,XX,train
data\processed\1031_IWL_HAP_XX.npy,1031,IWL,HAP,XX,train
data\processed\1019_IWL_ANG_XX.npy,1019,IWL,ANG,XX,train
data\processed\1025_IWL_FEA_XX.npy,1025,IWL,FEA,XX,train
data\processed\1014_IWL_ANG_XX.npy,1014,IWL,ANG,XX,train
data\processed\1004_IWL_DIS_XX.npy,1004,IWL,DIS,XX,train
data\processed\1038_IWL_NEU_XX.npy,1038,IWL,NEU,XX,train
data\processed\1047_IWL_ANG_XX.npy,1047,IWL,ANG,XX,train
data\processed\1022_IWL_NEU_XX.npy,1022,IWL,NEU,XX,train
data\processed\1016_IWL_ANG_XX.npy,1016,IWL,ANG,XX,train
data\processed\1022_IWL_ANG_XX.npy,1022,IWL,ANG,XX,train
data\processed\1001_IWL_FEA_XX.npy,1001,IWL,FEA,XX,train
data\processed\1010_IWL_HAP_XX.npy,1010,IWL,HAP,XX,train
data\processed\1012_IWL_NEU_XX.npy,1012,IWL,NEU,XX,train
data\processed\1014_IWL_DIS_XX.npy,1014,IWL,DIS,XX,train
data\processed\1022_IWL_DIS_XX.npy,1022,IWL,DIS,XX,train
data\processed\1038_IWL_DIS_XX.npy,1038,IWL,DIS,XX,train
data\processed\1011_IWL_DIS_XX.npy,1011,IWL,DIS,XX,train
data\processed\1035_IWL_FEA_XX.npy,1035,IWL,FEA,XX,train
data\processed\1030_IWL_DIS_XX.npy,1030,IWL,DIS,XX,train
data\processed\1037_IWL_ANG_XX.npy,1037,IWL,ANG,XX,train
data\processed\1045_IWL_HAP_XX.npy,1045,IWL,HAP,XX,train
data\processed\1015_IWL_NEU_XX.npy,1015,IWL,NEU,XX,train
data\processed\1038_IWL_ANG_XX.npy,1038,IWL,ANG,XX,train
data\processed\1042_IWL_DIS_XX.npy,1042,IWL,DIS,XX,train
data\processed\1045_IWL_DIS_XX.npy,1045,IWL,DIS,XX,train
data\processed\1030_IWL_FEA_XX.npy,1030,IWL,FEA,XX,train
data\processed\1031_IWL_FEA_XX.npy,1031,IWL,FEA,XX,train
data\processed\1042_IWL_SAD_XX.npy,1042,IWL,SAD,XX,train
data\processed\1026_IWL_NEU_XX.npy,1026,IWL,NEU,XX,train
data\processed\1033_IWL_DIS_XX.npy,1033,IWL,DIS,XX,train
data\processed\1030_IWL_SAD_XX.npy,1030,IWL,SAD,XX,train
data\processed\1038_IWL_SAD_XX.npy,1038,IWL,SAD,XX,train
data\processed\1018_IWL_DIS_XX.npy,1018,IWL,DIS,XX,train
data\processed\1002_IWL_FEA_XX.npy,1002,IWL,FEA,XX,train
data\processed\1001_IWL_DIS_XX.npy,1001,IWL,DIS,XX,train
data\processed\1009_IWL_FEA_XX.npy,1009,IWL,FEA,XX,train
data\processed\1024_IWL_SAD_XX.npy,1024,IWL,SAD,XX,train
data\processed\1026_IWL_ANG_XX.npy,1026,IWL,ANG,XX,train
data\processed\1036_IWL_SAD_XX.npy,1036,IWL,SAD,XX,train
data\processed\1029_IWL_FEA_XX.npy,1029,IWL,FEA,XX,train
data\processed\1036_IWL_ANG_XX.npy,1036,IWL,ANG,XX,train
data\processed\1003_IWL_FEA_XX.npy,1003,IWL,FEA,XX,train
data\processed\1029_IWL_ANG_XX.npy,1029,IWL,ANG,XX,train
data\processed\1006_IWL_SAD_XX.npy,1006,IWL,SAD,XX,train
data\processed\1005_IWL_ANG_XX.npy,1005,IWL,ANG,XX,train
data\processed\1044_IWL_NEU_XX.npy,1044,IWL,NEU,XX,train
data\processed\1016_IWL_FEA_XX.npy,1016,IWL,FEA,XX,train
data\processed\1040_IWL_DIS_XX.npy,1040,IWL,DIS,XX,train
data\processed\1013_IWL_HAP_XX.npy,1013,IWL,HAP,XX,train
data\processed\1005_IWL_NEU_XX.npy,1005,IWL,NEU,XX,train
data\processed\1035_IWL_NEU_XX.npy,1035,IWL,NEU,XX,train
data\processed\1041_IWL_NEU_XX.npy,1041,IWL,NEU,XX,train
data\processed\1021_IWL_HAP_XX.npy,1021,IWL,HAP,XX,train
data\processed\1042_IWL_ANG_XX.npy,1042,IWL,ANG,XX,train
data\processed\1004_IWL_SAD_XX.npy,1004,IWL,SAD,XX,train
data\processed\1024_IWL_NEU_XX.npy,1024,IWL,NEU,XX,train
data\processed\1018_IWL_FEA_XX.npy,1018,IWL,FEA,XX,train
data\processed\1025_IWL_ANG_XX.npy,1025,IWL,ANG,XX,train
data\processed\1042_IWL_FEA_XX.npy,1042,IWL,FEA,XX,train
data\processed\1021_IWL_FEA_XX.npy,1021,IWL,FEA,XX,train
data\processed\1044_IWL_ANG_XX.npy,1044,IWL,ANG,XX,train
data\processed\1003_IWL_SAD_XX.npy,1003,IWL,SAD,XX,train
data\processed\1020_IWL_FEA_XX.npy,1020,IWL,FEA,XX,train
data\processed\1007_IWL_ANG_XX.npy,1007,IWL,ANG,XX,train
data\processed\1040_IWL_ANG_XX.npy,1040,IWL,ANG,XX,train
data\processed\1036_IWL_FEA_XX.npy,1036,IWL,FEA,XX,train
data\processed\1026_IWL_SAD_XX.npy,1026,IWL,SAD,XX,train
data\processed\1037_IWL_FEA_XX.npy,1037,IWL,FEA,XX,train
data\processed\1013_IWL_SAD_XX.npy,1013,IWL,SAD,XX,train
data\processed\1007_IWL_NEU_XX.npy,1007,IWL,NEU,XX,train
data\processed\1016_IWL_HAP_XX.npy,1016,IWL,HAP,XX,train
data\processed\1024_IWL_ANG_XX.npy,1024,IWL,ANG,XX,train
data\processed\1010_IWL_NEU_XX.npy,1010,IWL,NEU,XX,train
data\processed\1008_IWL_NEU_XX.npy,1008,IWL,NEU,XX,train
data\processed\1012_IWL_DIS_XX.npy,1012,IWL,DIS,XX,train
data\processed\1021_IWL_DIS_XX.npy,1021,IWL,DIS,XX,train
data\processed\1017_IWL_NEU_XX.npy,1017,IWL,NEU,XX,train
data\processed\1028_IWL_HAP_XX.npy,1028,IWL,HAP,XX,train
data\processed\1024_IWL_HAP_XX.npy,1024,IWL,HAP,XX,train
data\processed\1021_IWL_SAD_XX.npy,1021,IWL,SAD,XX,train
data\processed\1048_IWL_HAP_XX.npy,1048,IWL,HAP,XX,train
data\processed\1036_IWL_HAP_XX.npy,1036,IWL,HAP,XX,train
data\processed\1045_IWL_SAD_XX.npy,1045,IWL,SAD,XX,train
data\processed\1009_IWL_NEU_XX.npy,1009,IWL,NEU,XX,train
data\processed\1041_IWL_SAD_XX.npy,1041,IWL,SAD,XX,train
data\processed\1004_IWL_FEA_XX.npy,1004,IWL,FEA,XX,train
data\processed\1039_IWL_SAD_XX.npy,1039,IWL,SAD,XX,train
data\processed\1044_IWL_DIS_XX.npy,1044,IWL,DIS,XX,train
data\processed\1020_IWL_SAD_XX.npy,1020,IWL,SAD,XX,train
data\processed\1029_IWL_HAP_XX.npy,1029,IWL,HAP,XX,train
data\processed\1046_IWL_FEA_XX.npy,1046,IWL,FEA,XX,train
data\processed\1008_IWL_FEA_XX.npy,1008,IWL,FEA,XX,train
data\processed\1033_IWL_ANG_XX.npy,1033,IWL,ANG,XX,train
data\processed\1005_IWL_HAP_XX.npy,1005,IWL,HAP,XX,train
data\processed\1038_IWL_HAP_XX.npy,1038,IWL,HAP,XX,train
data\processed\1015_IWL_HAP_XX.npy,1015,IWL,HAP,XX,train
data\processed\1034_IWL_ANG_XX.npy,1034,IWL,ANG,XX,train
data\processed\1012_IWL_FEA_XX.npy,1012,IWL,FEA,XX,train
data\processed\1002_IWL_NEU_XX.npy,1002,IWL,NEU,XX,train
data\processed\1023_IWL_HAP_XX.npy,1023,IWL,HAP,XX,train
data\processed\1035_IWL_HAP_XX.npy,1035,IWL,HAP,XX,train
data\processed\1038_IWL_FEA_XX.npy,1038,IWL,FEA,XX,train
data\processed\1018_IWL_NEU_XX.npy,1018,IWL,NEU,XX,train
data\processed\1035_IWL_SAD_XX.npy,1035,IWL,SAD,XX,train
data\processed\1045_IWL_ANG_XX.npy,1045,IWL,ANG,XX,train
data\processed\1015_IWL_DIS_XX.npy,1015,IWL,DIS,XX,train
data\processed\1003_IWL_DIS_XX.npy,1003,IWL,DIS,XX,train
data\processed\1015_IWL_FEA_XX.npy,1015,IWL,FEA,XX,train
data\processed\1044_IWL_FEA_XX.npy,1044,IWL,FEA,XX,train
data\processed\1007_IWL_HAP_XX.npy,1007,IWL,HAP,XX,train
data\processed\1014_IWL_HAP_XX.npy,1014,IWL,HAP,XX,train
data\processed\1020_IWL_HAP_XX.npy,1020,IWL,HAP,XX,train
data\processed\1042_IWL_HAP_XX.npy,1042,IWL,HAP,XX,train
data\processed\1022_IWL_HAP_XX.npy,1022,IWL,HAP,XX,train
data\processed\1032_IWL_FEA_XX.npy,1032,IWL,FEA,XX,train
data\processed\1039_IWL_HAP_XX.npy,1039,IWL,HAP,XX,train
data\processed\1008_IWW_HAP_XX.npy,1008,IWW,HAP,XX,test
data\processed\1037_IWW_ANG_XX.npy,1037,IWW,ANG,XX,dev
data\processed\1009_IWW_HAP_XX.npy,1009,IWW,HAP,XX,dev
data\processed\1021_IWW_FEA_XX.npy,1021,IWW,FEA,XX,dev
data\processed\1046_IWW_FEA_XX.npy,1046,IWW,FEA,XX,dev
data\processed\1018_IWW_ANG_XX.npy,1018,IWW,ANG,XX,dev
data\processed\1047_IWW_SAD_XX.npy,1047,IWW,SAD,XX,dev
data\processed\1040_IWW_FEA_XX.npy,1040,IWW,FEA,XX,dev
data\processed\1020_IWW_DIS_XX.npy,1020,IWW,DIS,XX,dev
data\processed\1021_IWW_ANG_XX.npy,1021,IWW,ANG,XX,dev
data\processed\1023_IWW_FEA_XX.npy,1023,IWW,FEA,XX,dev
data\processed\1046_IWW_DIS_XX.npy,1046,IWW,DIS,XX,dev
data\processed\1010_IWW_NEU_XX.npy,1010,IWW,NEU,XX,dev
data\processed\1018_IWW_FEA_XX.npy,1018,IWW,FEA,XX,dev
data\processed\1006_IWW_FEA_XX.npy,1006,IWW,FEA,XX,dev
data\processed\1044_IWW_ANG_XX.npy,1044,IWW,ANG,XX,dev
data\processed\1004_IWW_SAD_XX.npy,1004,IWW,SAD,XX,dev
data\processed\1026_IWW_ANG_XX.npy,1026,IWW,ANG,XX,dev
data\processed\1019_IWW_FEA_XX.npy,1019,IWW,FEA,XX,dev
data\processed\1022_IWW_FEA_XX.npy,1022,IWW,FEA,XX,dev
data\processed\1002_IWW_HAP_XX.npy,1002,IWW,HAP,XX,dev
data\processed\1034_IWW_ANG_XX.npy,1034,IWW,ANG,XX,dev
data\processed\1024_IWW_FEA_XX.npy,1024,IWW,FEA,XX,dev
data\processed\1019_IWW_DIS_XX.npy,1019,IWW,DIS,XX,dev
data\processed\1043_IWW_NEU_XX.npy,1043,IWW,NEU,XX,dev
data\processed\1027_IWW_NEU_XX.npy,1027,IWW,NEU,XX,dev
data\processed\1015_IWW_HAP_XX.npy,1015,IWW,HAP,XX,dev
data\processed\1024_IWW_SAD_XX.npy,1024,IWW,SAD,XX,dev
data\processed\1037_IWW_SAD_XX.npy,1037,IWW,SAD,XX,dev
data\processed\1005_IWW_FEA_XX.npy,1005,IWW,FEA,XX,train
data\processed\1041_IWW_DIS_XX.npy,1041,IWW,DIS,XX,train
data\processed\1039_IWW_DIS_XX.npy,1039,IWW,DIS,XX,train
data\processed\1041_IWW_ANG_XX.npy,1041,IWW,ANG,XX,train
data\processed\1034_IWW_NEU_XX.npy,1034,IWW,NEU,XX,train
data\processed\1037_IWW_NEU_XX.npy,1037,IWW,NEU,XX,train
data\processed\1002_IWW_NEU_XX.npy,1002,IWW,NEU,XX,train
data\processed\1030_IWW_NEU_XX.npy,1030,IWW,NEU,XX,train
data\processed\1022_IWW_NEU_XX.npy,1022,IWW,NEU,XX,train
data\processed\1048_IWW_HAP_XX.npy,1048,IWW,HAP,XX,train
data\processed\1048_IWW_SAD_XX.npy,1048,IWW,SAD,XX,train
data\processed\1005_IWW_DIS_XX.npy,1005,IWW,DIS,XX,train
data\processed\1011_IWW_ANG_XX.npy,1011,IWW,ANG,XX,train
data\processed\1040_IWW_NEU_XX.npy,1040,IWW,NEU,XX,train
data\processed\1047_IWW_DIS_XX.npy,1047,IWW,DIS,XX,train
data\processed\1003_IWW_DIS_XX.npy,1003,IWW,DIS,XX,train
data\processed\1006_IWW_SAD_XX.npy,1006,IWW,SAD,XX,train
data\processed\1022_IWW_DIS_XX.npy,1022,IWW,DIS,XX,train
data\processed\1047_IWW_HAP_XX.npy,1047,IWW,HAP,XX,train
data\processed\1015_IWW_ANG_XX.npy,1015,IWW,ANG,XX,train
data\processed\1046_IWW_NEU_XX.npy,1046,IWW,NEU,XX,train
data\processed\1017_IWW_FEA_XX.npy,1017,IWW,FEA,XX,train
data\processed\1024_IWW_HAP_XX.npy,1024,IWW,HAP,XX,train
data\processed\1033_IWW_NEU_XX.npy,1033,IWW,NEU,XX,train
data\processed\1044_IWW_FEA_XX.npy,1044,IWW,FEA,XX,train
data\processed\1010_IWW_SAD_XX.npy,1010,IWW,SAD,XX,train
data\processed\1012_IWW_FEA_XX.npy,1012,IWW,FEA,XX,train
data\processed\1002_IWW_ANG_XX.npy,1002,IWW,ANG,XX,train
data\processed\1007_IWW_ANG_XX.npy,1007,IWW,ANG,XX,train
data\processed\1025_IWW_HAP_XX.npy,1025,IWW,HAP,XX,train
data\processed\1015_IWW_SAD_XX.npy,1015,IWW,SAD,XX,train
data\processed\1027_IWW_HAP_XX.npy,1027,IWW,HAP,XX,train
data\processed\1036_IWW_DIS_XX.npy,1036,IWW,DIS,XX,train
data\processed\1018_IWW_NEU_XX.npy,1018,IWW,NEU,XX,train
data\processed\1034_IWW_SAD_XX.npy,1034,IWW,SAD,XX,train
data\processed\1042_IWW_SAD_XX.npy,1042,IWW,SAD,XX,train
data\processed\1040_IWW_HAP_XX.npy,1040,IWW,HAP,XX,train
data\processed\1043_IWW_SAD_XX.npy,1043,IWW,SAD,XX,train
data\processed\1043_IWW_DIS_XX.npy,1043,IWW,DIS,XX,train
data\processed\1032_IWW_SAD_XX.npy,1032,IWW,SAD,XX,train
data\processed\1001_IWW_FEA_XX.npy,1001,IWW,FEA,XX,train
data\processed\1011_IWW_HAP_XX.npy,1011,IWW,HAP,XX,train
data\processed\1038_IWW_ANG_XX.npy,1038,IWW,ANG,XX,train
data\processed\1026_IWW_SAD_XX.npy,1026,IWW,SAD,XX,train
data\processed\1012_IWW_NEU_XX.npy,1012,IWW,NEU,XX,train
data\processed\1011_IWW_SAD_XX.npy,1011,IWW,SAD,XX,train
data\processed\1021_IWW_DIS_XX.npy,1021,IWW,DIS,XX,train
data\processed\1023_IWW_NEU_XX.npy,1023,IWW,NEU,XX,train
data\processed\1015_IWW_NEU_XX.npy,1015,IWW,NEU,XX,train
data\processed\1012_IWW_HAP_XX.npy,1012,IWW,HAP,XX,train
data\processed\1005_IWW_ANG_XX.npy,1005,IWW,ANG,XX,train
data\processed\1014_IWW_ANG_XX.npy,1014,IWW,ANG,XX,train
data\processed\1008_IWW_SAD_XX.npy,1008,IWW,SAD,XX,train
data\processed\1032_IWW_HAP_XX.npy,1032,IWW,HAP,XX,train
data\processed\1046_IWW_ANG_XX.npy,1046,IWW,ANG,XX,train
data\processed\1044_IWW_HAP_XX.npy,1044,IWW,HAP,XX,train
data\processed\1028_IWW_FEA_XX.npy,1028,IWW,FEA,XX,train
data\processed\1020_IWW_HAP_XX.npy,1020,IWW,HAP,XX,train
data\processed\1036_IWW_SAD_XX.npy,1036,IWW,SAD,XX,train
data\processed\1031_IWW_ANG_XX.npy,1031,IWW,ANG,XX,train
data\processed\1001_IWW_NEU_XX.npy,1001,IWW,NEU,XX,train
data\processed\1006_IWW_DIS_XX.npy,1006,IWW,DIS,XX,train
data\processed\1017_IWW_HAP_XX.npy,1017,IWW,HAP,XX,train
data\processed\1016_IWW_ANG_XX.npy,1016,IWW,ANG,XX,train
data\processed\1035_IWW_NEU_XX.npy,1035,IWW,NEU,XX,train
data\processed\1017_IWW_SAD_XX.npy,1017,IWW,SAD,XX,train
data\processed\1044_IWW_NEU_XX.npy,1044,IWW,NEU,XX,train
data\processed\1038_IWW_NEU_XX.npy,1038,IWW,NEU,XX,train
data\processed\1015_IWW_DIS_XX.npy,1015,IWW,DIS,XX,train
data\processed\1013_IWW_SAD_XX.npy,1013,IWW,SAD,XX,train
data\processed\1042_IWW_DIS_XX.npy,1042,IWW,DIS,XX,train
data\processed\1003_IWW_FEA_XX.npy,1003,IWW,FEA,XX,train
data\processed\1025_IWW_ANG_XX.npy,1025,IWW,ANG,XX,train
data\processed\1016_IWW_HAP_XX.npy,1016,IWW,HAP,XX,train
data\processed\1039_IWW_HAP_XX.npy,1039,IWW,HAP,XX,train
data\processed\1046_IWW_HAP_XX.npy,1046,IWW,HAP,XX,train
data\processed\1010_IWW_DIS_XX.npy,1010,IWW,DIS,XX,train
data\processed\1025_IWW_NEU_XX.npy,1025,IWW,NEU,XX,train
data\processed\1012_IWW_DIS_XX.npy,1012,IWW,DIS,XX,train
data\processed\1037_IWW_FEA_XX.npy,1037,IWW,FEA,XX,train
data\processed\1035_IWW_FEA_XX.npy,1035,IWW,FEA,XX,train
data\processed\1047_IWW_FEA_XX.npy,1047,IWW,FEA,XX,train
data\processed\1013_IWW_FEA_XX.npy,1013,IWW,FEA,XX,train
data\processed\1014_IWW_FEA_XX.npy,1014,IWW,FEA,XX,train
data\processed\1007_IWW_NEU_XX.npy,1007,IWW,NEU,XX,train
data\processed\1004_IWW_DIS_XX.npy,1004,IWW,DIS,XX,train
data\processed\1027_IWW_DIS_XX.npy,1027,IWW,DIS,XX,train
data\processed\1028_IWW_NEU_XX.npy,1028,IWW,NEU,XX,train
data\processed\1006_IWW_HAP_XX.npy,1006,IWW,HAP,XX,train
data\processed\1013_IWW_HAP_XX.npy,1013,IWW,HAP,XX,train
data\processed\1047_IWW_ANG_XX.npy,1047,IWW,ANG,XX,train
data\processed\1029_IWW_SAD_XX.npy,1029,IWW,SAD,XX,train
data\processed\1008_IWW_DIS_XX.npy,1008,IWW,DIS,XX,train
data\processed\1029_IWW_FEA_XX.npy,1029,IWW,FEA,XX,train
data\processed\1011_IWW_NEU_XX.npy,1011,IWW,NEU,XX,train
data\processed\1032_IWW_ANG_XX.npy,1032,IWW,ANG,XX,train
data\processed\1032_IWW_FEA_XX.npy,1032,IWW,FEA,XX,train
data\processed\1044_IWW_DIS_XX.npy,1044,IWW,DIS,XX,train
data\processed\1033_IWW_ANG_XX.npy,1033,IWW,ANG,XX,train
data\processed\1012_IWW_SAD_XX.npy,1012,IWW,SAD,XX,train
data\processed\1048_IWW_FEA_XX.npy,1048,IWW,FEA,XX,train
data\processed\1005_IWW_NEU_XX.npy,1005,IWW,NEU,XX,train
data\processed\1012_IWW_ANG_XX.npy,1012,IWW,ANG,XX,train
data\processed\1030_IWW_HAP_XX.npy,1030,IWW,HAP,XX,train
data\processed\1035_IWW_ANG_XX.npy,1035,IWW,ANG,XX,train
data\processed\1028_IWW_SAD_XX.npy,1028,IWW,SAD,XX,train
data\processed\1022_IWW_SAD_XX.npy,1022,IWW,SAD,XX,train
data\processed\1002_IWW_DIS_XX.npy,1002,IWW,DIS,XX,train
data\processed\1011_IWW_DIS_XX.npy,1011,IWW,DIS,XX,train
data\processed\1033_IWW_HAP_XX.npy,1033,IWW,HAP,XX,train
data\processed\1004_IWW_HAP_XX.npy,1004,IWW,HAP,XX,train
data\processed\1026_IWW_DIS_XX.npy,1026,IWW,DIS,XX,train
data\processed\1016_IWW_FEA_XX.npy,1016,IWW,FEA,XX,train
data\processed\1018_IWW_SAD_XX.npy,1018,IWW,SAD,XX,train
data\processed\1009_IWW_NEU_XX.npy,1009,IWW,NEU,XX,train
data\processed\1001_IWW_HAP_XX.npy,1001,IWW,HAP,XX,train
data\processed\1032_IWW_NEU_XX.npy,1032,IWW,NEU,XX,train
data\processed\1004_IWW_FEA_XX.npy,1004,IWW,FEA,XX,train
data\processed\1003_IWW_NEU_XX.npy,1003,IWW,NEU,XX,train
data\processed\1023_IWW_SAD_XX.npy,1023,IWW,SAD,XX,train
data\processed\1024_IWW_DIS_XX.npy,1024,IWW,DIS,XX,train
data\processed\1017_IWW_DIS_XX.npy,1017,IWW,DIS,XX,train
data\processed\1045_IWW_ANG_XX.npy,1045,IWW,ANG,XX,train
data\processed\1021_IWW_SAD_XX.npy,1021,IWW,SAD,XX,train
data\processed\1023_IWW_HAP_XX.npy,1023,IWW,HAP,XX,train
data\processed\1048_IWW_NEU_XX.npy,1048,IWW,NEU,XX,train
data\processed\1001_IWW_DIS_XX.npy,1001,IWW,DIS,XX,train
data\processed\1028_IWW_DIS_XX.npy,1028,IWW,DIS,XX,train
data\processed\1030_IWW_SAD_XX.npy,1030,IWW,SAD,XX,train
data\processed\1027_IWW_SAD_XX.npy,1027,IWW,SAD,XX,train
data\processed\1046_IWW_SAD_XX.npy,1046,IWW,SAD,XX,train
data\processed\1039_IWW_FEA_XX.npy,1039,IWW,FEA,XX,train
data\processed\1018_IWW_HAP_XX.npy,1018,IWW,HAP,XX,train
data\processed\1004_IWW_NEU_XX.npy,1004,IWW,NEU,XX,train
data\processed\1029_IWW_ANG_XX.npy,1029,IWW,ANG,XX,train
data\processed\1018_IWW_DIS_XX.npy,1018,IWW,DIS,XX,train
data\processed\1001_IWW_SAD_XX.npy,1001,IWW,SAD,XX,train
data\processed\1035_IWW_SAD_XX.npy,1035,IWW,SAD,XX,train
data\processed\1016_IWW_NEU_XX.npy,1016,IWW,NEU,XX,train
data\processed\1009_IWW_SAD_XX.npy,1009,IWW,SAD,XX,train
data\processed\1040_IWW_ANG_XX.npy,1040,IWW,ANG,XX,train
data\processed\1020_IWW_NEU_XX.npy,1020,IWW,NEU,XX,train
data\processed\1031_IWW_DIS_XX.npy,1031,IWW,DIS,XX,train
data\processed\1007_IWW_HAP_XX.npy,1007,IWW,HAP,XX,train
data\processed\1005_IWW_SAD_XX.npy,1005,IWW,SAD,XX,train
data\processed\1010_IWW_FEA_XX.npy,1010,IWW,FEA,XX,train
data\processed\1007_IWW_DIS_XX.npy,1007,IWW,DIS,XX,train
data\processed\1003_IWW_SAD_XX.npy,1003,IWW,SAD,XX,train
data\processed\1020_IWW_SAD_XX.npy,1020,IWW,SAD,XX,train
data\processed\1036_IWW_NEU_XX.npy,1036,IWW,NEU,XX,train
data\processed\1042_IWW_NEU_XX.npy,1042,IWW,NEU,XX,train
data\processed\1039_IWW_SAD_XX.npy,1039,IWW,SAD,XX,train
data\processed\1043_IWW_ANG_XX.npy,1043,IWW,ANG,XX,train
data\processed\1048_IWW_DIS_XX.npy,1048,IWW,DIS,XX,train
data\processed\1031_IWW_HAP_XX.npy,1031,IWW,HAP,XX,train
data\processed\1016_IWW_DIS_XX.npy,1016,IWW,DIS,XX,train
data\processed\1036_IWW_HAP_XX.npy,1036,IWW,HAP,XX,train
data\processed\1016_IWW_SAD_XX.npy,1016,IWW,SAD,XX,train
data\processed\1007_IWW_SAD_XX.npy,1007,IWW,SAD,XX,train
data\processed\1043_IWW_HAP_XX.npy,1043,IWW,HAP,XX,train
data\processed\1034_IWW_FEA_XX.npy,1034,IWW,FEA,XX,train
data\processed\1038_IWW_FEA_XX.npy,1038,IWW,FEA,XX,train
data\processed\1041_IWW_SAD_XX.npy,1041,IWW,SAD,XX,train
data\processed\1042_IWW_HAP_XX.npy,1042,IWW,HAP,XX,train
data\processed\1013_IWW_DIS_XX.npy,1013,IWW,DIS,XX,train
data\processed\1047_IWW_NEU_XX.npy,1047,IWW,NEU,XX,train
data\processed\1028_IWW_HAP_XX.npy,1028,IWW,HAP,XX,train
data\processed\1019_IWW_ANG_XX.npy,1019,IWW,ANG,XX,train
data\processed\1040_IWW_DIS_XX.npy,1040,IWW,DIS,XX,train
data\processed\1033_IWW_DIS_XX.npy,1033,IWW,DIS,XX,train
data\processed\1005_IWW_HAP_XX.npy,1005,IWW,HAP,XX,train
data\processed\1044_IWW_SAD_XX.npy,1044,IWW,SAD,XX,train
data\processed\1038_IWW_DIS_XX.npy,1038,IWW,DIS,XX,train
data\processed\1010_IWW_HAP_XX.npy,1010,IWW,HAP,XX,train
data\processed\1027_IWW_ANG_XX.npy,1027,IWW,ANG,XX,train
data\processed\1029_IWW_NEU_XX.npy,1029,IWW,NEU,XX,train
data\processed\1019_IWW_SAD_XX.npy,1019,IWW,SAD,XX,train
data\processed\1039_IWW_NEU_XX.npy,1039,IWW,NEU,XX,train
data\processed\1006_IWW_NEU_XX.npy,1006,IWW,NEU,XX,train
data\processed\1003_IWW_HAP_XX.npy,1003,IWW,HAP,XX,train
data\processed\1002_IWW_SAD_XX.npy,1002,IWW,SAD,XX,train
data\processed\1001_IWW_ANG_XX.npy,1001,IWW,ANG,XX,train
data\processed\1009_IWW_FEA_XX.npy,1009,IWW,FEA,XX,train
data\processed\1032_IWW_DIS_XX.npy,1032,IWW,DIS,XX,train
data\processed\1024_IWW_NEU_XX.npy,1024,IWW,NEU,XX,train
data\processed\1014_IWW_HAP_XX.npy,1014,IWW,HAP,XX,train
data\processed\1026_IWW_NEU_XX.npy,1026,IWW,NEU,XX,train
data\processed\1021_IWW_NEU_XX.npy,1021,IWW,NEU,XX,train
data\processed\1045_IWW_FEA_XX.npy,1045,IWW,FEA,XX,train
data\processed\1002_IWW_FEA_XX.npy,1002,IWW,FEA,XX,train
data\processed\1019_IWW_NEU_XX.npy,1019,IWW,NEU,XX,train
data\processed\1045_IWW_NEU_XX.npy,1045,IWW,NEU,XX,train
data\processed\1010_IWW_ANG_XX.npy,1010,IWW,ANG,XX,train
data\processed\1025_IWW_FEA_XX.npy,1025,IWW,FEA,XX,train
data\processed\1029_IWW_DIS_XX.npy,1029,IWW,DIS,XX,train
data\processed\1022_IWW_ANG_XX.npy,1022,IWW,ANG,XX,train
data\processed\1027_IWW_FEA_XX.npy,1027,IWW,FEA,XX,train
data\processed\1030_IWW_FEA_XX.npy,1030,IWW,FEA,XX,train
data\processed\1028_IWW_ANG_XX.npy,1028,IWW,ANG,XX,train
data\processed\1007_IWW_FEA_XX.npy,1007,IWW,FEA,XX,train
data\processed\1019_IWW_HAP_XX.npy,1019,IWW,HAP,XX,train
data\processed\1025_IWW_SAD_XX.npy,1025,IWW,SAD,XX,train
data\processed\1026_IWW_FEA_XX.npy,1026,IWW,FEA,XX,train
data\processed\1037_IWW_DIS_XX.npy,1037,IWW,DIS,XX,train
data\processed\1031_IWW_FEA_XX.npy,1031,IWW,FEA,XX,train
data\processed\1024_IWW_ANG_XX.npy,1024,IWW,ANG,XX,train
data\processed\1023_IWW_ANG_XX.npy,1023,IWW,ANG,XX,train
data\processed\1008_IWW_NEU_XX.npy,1008,IWW,NEU,XX,train
data\processed\1014_IWW_SAD_XX.npy,1014,IWW,SAD,XX,train
data\processed\1031_IWW_SAD_XX.npy,1031,IWW,SAD,XX,train
data\processed\1009_IWW_ANG_XX.npy,1009,IWW,ANG,XX,train
data\processed\1023_IWW_DIS_XX.npy,1023,IWW,DIS,XX,train
data\processed\1036_IWW_FEA_XX.npy,1036,IWW,FEA,XX,train
data\processed\1030_IWW_ANG_XX.npy,1030,IWW,ANG,XX,train
data\processed\1033_IWW_FEA_XX.npy,1033,IWW,FEA,XX,train
data\processed\1038_IWW_SAD_XX.npy,1038,IWW,SAD,XX,train
data\processed\1015_IWW_FEA_XX.npy,1015,IWW,FEA,XX,train
data\processed\1042_IWW_ANG_XX.npy,1042,IWW,ANG,XX,train
data\processed\1033_IWW_SAD_XX.npy,1033,IWW,SAD,XX,train
data\processed\1035_IWW_DIS_XX.npy,1035,IWW,DIS,XX,train
data\processed\1041_IWW_FEA_XX.npy,1041,IWW,FEA,XX,train
data\processed\1034_IWW_HAP_XX.npy,1034,IWW,HAP,XX,train
data\processed\1003_IWW_ANG_XX.npy,1003,IWW,ANG,XX,train
data\processed\1017_IWW_NEU_XX.npy,1017,IWW,NEU,XX,train
data\processed\1008_IWW_ANG_XX.npy,1008,IWW,ANG,XX,train
data\processed\1009_IWW_DIS_XX.npy,1009,IWW,DIS,XX,train
data\processed\1043_IWW_FEA_XX.npy,1043,IWW,FEA,XX,train
data\processed\1036_IWW_ANG_XX.npy,1036,IWW,ANG,XX,train
data\processed\1045_IWW_SAD_XX.npy,1045,IWW,SAD,XX,train
data\processed\1034_IWW_DIS_XX.npy,1034,IWW,DIS,XX,train
data\processed\1040_IWW_SAD_XX.npy,1040,IWW,SAD,XX,train
data\processed\1014_IWW_NEU_XX.npy,1014,IWW,NEU,XX,train
data\processed\1029_IWW_HAP_XX.npy,1029,IWW,HAP,XX,train
data\processed\1004_IWW_ANG_XX.npy,1004,IWW,ANG,XX,train
data\processed\1030_IWW_DIS_XX.npy,1030,IWW,DIS,XX,train
data\processed\1014_IWW_DIS_XX.npy,1014,IWW,DIS,XX,train
data\processed\1006_IWW_ANG_XX.npy,1006,IWW,ANG,XX,train
data\processed\1011_IWW_FEA_XX.npy,1011,IWW,FEA,XX,train
data\processed\1045_IWW_DIS_XX.npy,1045,IWW,DIS,XX,train
data\processed\1026_IWW_HAP_XX.npy,1026,IWW,HAP,XX,train
data\processed\1017_IWW_ANG_XX.npy,1017,IWW,ANG,XX,train
data\processed\1008_IWW_FEA_XX.npy,1008,IWW,FEA,XX,train
data\processed\1045_IWW_HAP_XX.npy,1045,IWW,HAP,XX,train
data\processed\1013_IWW_NEU_XX.npy,1013,IWW,NEU,XX,train
data\processed\1042_IWW_FEA_XX.npy,1042,IWW,FEA,XX,train
data\processed\1031_IWW_NEU_XX.npy,1031,IWW,NEU,XX,train
data\processed\1025_IWW_DIS_XX.npy,1025,IWW,DIS,XX,train
data\processed\1038_IWW_HAP_XX.npy,1038,IWW,HAP,XX,train
data\processed\1020_IWW_FEA_XX.npy,1020,IWW,FEA,XX,train
data\processed\1013_IWW_ANG_XX.npy,1013,IWW,ANG,XX,train
data\processed\1041_IWW_HAP_XX.npy,1041,IWW,HAP,XX,train
data\processed\1041_IWW_NEU_XX.npy,1041,IWW,NEU,XX,train
data\processed\1022_IWW_HAP_XX.npy,1022,IWW,HAP,XX,train
data\processed\1021_IWW_HAP_XX.npy,1021,IWW,HAP,XX,train
data\processed\1037_IWW_HAP_XX.npy,1037,IWW,HAP,XX,train
data\processed\1020_IWW_ANG_XX.npy,1020,IWW,ANG,XX,train
data\processed\1039_IWW_ANG_XX.npy,1039,IWW,ANG,XX,train
data\processed\1035_IWW_HAP_XX.npy,1035,IWW,HAP,XX,train
data\processed\1048_IWW_ANG_XX.npy,1048,IWW,ANG,XX,train
data\processed\1003_MTI_ANG_XX.npy,1003,MTI,ANG,XX,test
data\processed\1015_MTI_DIS_XX.npy,1015,MTI,DIS,XX,dev
data\processed\1007_MTI_ANG_XX.npy,1007,MTI,ANG,XX,dev
data\processed\1016_MTI_ANG_XX.npy,1016,MTI,ANG,XX,dev
data\processed\1046_MTI_HAP_XX.npy,1046,MTI,HAP,XX,dev
data\processed\1014_MTI_DIS_XX.npy,1014,MTI,DIS,XX,dev
data\processed\1045_MTI_FEA_XX.npy,1045,MTI,FEA,XX,dev
data\processed\1046_MTI_FEA_XX.npy,1046,MTI,FEA,XX,dev
data\processed\1026_MTI_SAD_XX.npy,1026,MTI,SAD,XX,dev
data\processed\1027_MTI_SAD_XX.npy,1027,MTI,SAD,XX,dev
data\processed\1013_MTI_HAP_XX.npy,1013,MTI,HAP,XX,dev
data\processed\1048_MTI_FEA_XX.npy,1048,MTI,FEA,XX,dev
data\processed\1037_MTI_ANG_XX.npy,1037,MTI,ANG,XX,dev
data\processed\1002_MTI_HAP_XX.npy,1002,MTI,HAP,XX,dev
data\processed\1017_MTI_NEU_XX.npy,1017,MTI,NEU,XX,dev
data\processed\1046_MTI_DIS_XX.npy,1046,MTI,DIS,XX,dev
data\processed\1006_MTI_SAD_XX.npy,1006,MTI,SAD,XX,dev
data\processed\1010_MTI_DIS_XX.npy,1010,MTI,DIS,XX,dev
data\processed\1041_MTI_FEA_XX.npy,1041,MTI,FEA,XX,dev
data\processed\1047_MTI_FEA_XX.npy,1047,MTI,FEA,XX,dev
data\processed\1004_MTI_ANG_XX.npy,1004,MTI,ANG,XX,dev
data\processed\1035_MTI_DIS_XX.npy,1035,MTI,DIS,XX,dev
data\processed\1047_MTI_ANG_XX.npy,1047,MTI,ANG,XX,dev
data\processed\1027_MTI_HAP_XX.npy,1027,MTI,HAP,XX,dev
data\processed\1034_MTI_FEA_XX.npy,1034,MTI,FEA,XX,dev
data\processed\1008_MTI_HAP_XX.npy,1008,MTI,HAP,XX,dev
data\processed\1048_MTI_NEU_XX.npy,1048,MTI,NEU,XX,dev
data\processed\1022_MTI_DIS_XX.npy,1022,MTI,DIS,XX,dev
data\processed\1027_MTI_FEA_XX.npy,1027,MTI,FEA,XX,dev
data\processed\1005_MTI_SAD_XX.npy,1005,MTI,SAD,XX,train
data\processed\1011_MTI_HAP_XX.npy,1011,MTI,HAP,XX,train
data\processed\1014_MTI_HAP_XX.npy,1014,MTI,HAP,XX,train
data\processed\1010_MTI_NEU_XX.npy,1010,MTI,NEU,XX,train
data\processed\1040_MTI_HAP_XX.npy,1040,MTI,HAP,XX,train
data\processed\1025_MTI_ANG_XX.npy,1025,MTI,ANG,XX,train
data\processed\1030_MTI_FEA_XX.npy,1030,MTI,FEA,XX,train
data\processed\1029_MTI_NEU_XX.npy,1029,MTI,NEU,XX,train
data\processed\1019_MTI_ANG_XX.npy,1019,MTI,ANG,XX,train
data\processed\1041_MTI_ANG_XX.npy,1041,MTI,ANG,XX,train
data\processed\1015_MTI_NEU_XX.npy,1015,MTI,NEU,XX,train
data\processed\1037_MTI_HAP_XX.npy,1037,MTI,HAP,XX,train
data\processed\1038_MTI_DIS_XX.npy,1038,MTI,DIS,XX,train
data\processed\1029_MTI_DIS_XX.npy,1029,MTI,DIS,XX,train
data\processed\1027_MTI_NEU_XX.npy,1027,MTI,NEU,XX,train
data\processed\1038_MTI_NEU_XX.npy,1038,MTI,NEU,XX,train
data\processed\1015_MTI_SAD_XX.npy,1015,MTI,SAD,XX,train
data\processed\1031_MTI_FEA_XX.npy,1031,MTI,FEA,XX,train
data\processed\1027_MTI_ANG_XX.npy,1027,MTI,ANG,XX,train
data\processed\1002_MTI_NEU_XX.npy,1002,MTI,NEU,XX,train
data\processed\1020_MTI_HAP_XX.npy,1020,MTI,HAP,XX,train
data\processed\1025_MTI_NEU_XX.npy,1025,MTI,NEU,XX,train
data\processed\1001_MTI_DIS_XX.npy,1001,MTI,DIS,XX,train
data\processed\1034_MTI_DIS_XX.npy,1034,MTI,DIS,XX,train
data\processed\1044_MTI_DIS_XX.npy,1044,MTI,DIS,XX,train
data\processed\1016_MTI_HAP_XX.npy,1016,MTI,HAP,XX,train
data\processed\1018_MTI_ANG_XX.npy,1018,MTI,ANG,XX,train
data\processed\1018_MTI_NEU_XX.npy,1018,MTI,NEU,XX,train
data\processed\1032_MTI_SAD_XX.npy,1032,MTI,SAD,XX,train
data\processed\1045_MTI_DIS_XX.npy,1045,MTI,DIS,XX,train
data\processed\1019_MTI_SAD_XX.npy,1019,MTI,SAD,XX,train
data\processed\1045_MTI_NEU_XX.npy,1045,MTI,NEU,XX,train
data\processed\1047_MTI_HAP_XX.npy,1047,MTI,HAP,XX,train
data\processed\1046_MTI_NEU_XX.npy,1046,MTI,NEU,XX,train
data\processed\1004_MTI_SAD_XX.npy,1004,MTI,SAD,XX,train
data\processed\1042_MTI_DIS_XX.npy,1042,MTI,DIS,XX,train
data\processed\1001_MTI_ANG_XX.npy,1001,MTI,ANG,XX,train
data\processed\1044_MTI_FEA_XX.npy,1044,MTI,FEA,XX,train
data\processed\1026_MTI_DIS_XX.npy,1026,MTI,DIS,XX,train
data\processed\1037_MTI_FEA_XX.npy,1037,MTI,FEA,XX,train
data\processed\1028_MTI_HAP_XX.npy,1028,MTI,HAP,XX,train
data\processed\1002_MTI_FEA_XX.npy,1002,MTI,FEA,XX,train
data\processed\1016_MTI_DIS_XX.npy,1016,MTI,DIS,XX,train
data\processed\1029_MTI_FEA_XX.npy,1029,MTI,FEA,XX,train
data\processed\1022_MTI_NEU_XX.npy,1022,MTI,NEU,XX,train
data\processed\1034_MTI_HAP_XX.npy,1034,MTI,HAP,XX,train
data\processed\1013_MTI_DIS_XX.npy,1013,MTI,DIS,XX,train
data\processed\1011_MTI_NEU_XX.npy,1011,MTI,NEU,XX,train
data\processed\1030_MTI_SAD_XX.npy,1030,MTI,SAD,XX,train
data\processed\1047_MTI_NEU_XX.npy,1047,MTI,NEU,XX,train
data\processed\1017_MTI_ANG_XX.npy,1017,MTI,ANG,XX,train
data\processed\1040_MTI_DIS_XX.npy,1040,MTI,DIS,XX,train
data\processed\1039_MTI_NEU_XX.npy,1039,MTI,NEU,XX,train
data\processed\1030_MTI_DIS_XX.npy,1030,MTI,DIS,XX,train
data\processed\1037_MTI_SAD_XX.npy,1037,MTI,SAD,XX,train
data\processed\1048_MTI_ANG_XX.npy,1048,MTI,ANG,XX,train
data\processed\1023_MTI_SAD_XX.npy,1023,MTI,SAD,XX,train
data\processed\1020_MTI_SAD_XX.npy,1020,MTI,SAD,XX,train
data\processed\1030_MTI_HAP_XX.npy,1030,MTI,HAP,XX,train
data\processed\1004_MTI_HAP_XX.npy,1004,MTI,HAP,XX,train
data\processed\1012_MTI_SAD_XX.npy,1012,MTI,SAD,XX,train
data\processed\1006_MTI_HAP_XX.npy,1006,MTI,HAP,XX,train
data\processed\1005_MTI_HAP_XX.npy,1005,MTI,HAP,XX,train
data\processed\1011_MTI_DIS_XX.npy,1011,MTI,DIS,XX,train
data\processed\1046_MTI_ANG_XX.npy,1046,MTI,ANG,XX,train
data\processed\1006_MTI_ANG_XX.npy,1006,MTI,ANG,XX,train
data\processed\1038_MTI_ANG_XX.npy,1038,MTI,ANG,XX,train
data\processed\1016_MTI_FEA_XX.npy,1016,MTI,FEA,XX,train
data\processed\1025_MTI_FEA_XX.npy,1025,MTI,FEA,XX,train
data\processed\1030_MTI_NEU_XX.npy,1030,MTI,NEU,XX,train
data\processed\1042_MTI_NEU_XX.npy,1042,MTI,NEU,XX,train
data\processed\1031_MTI_HAP_XX.npy,1031,MTI,HAP,XX,train
data\processed\1046_MTI_SAD_XX.npy,1046,MTI,SAD,XX,train
data\processed\1021_MTI_NEU_XX.npy,1021,MTI,NEU,XX,train
data\processed\1010_MTI_ANG_XX.npy,1010,MTI,ANG,XX,train
data\processed\1047_MTI_SAD_XX.npy,1047,MTI,SAD,XX,train
data\processed\1015_MTI_HAP_XX.npy,1015,MTI,HAP,XX,train
data\processed\1008_MTI_FEA_XX.npy,1008,MTI,FEA,XX,train
data\processed\1039_MTI_FEA_XX.npy,1039,MTI,FEA,XX,train
data\processed\1029_MTI_SAD_XX.npy,1029,MTI,SAD,XX,train
data\processed\1043_MTI_HAP_XX.npy,1043,MTI,HAP,XX,train
data\processed\1024_MTI_HAP_XX.npy,1024,MTI,HAP,XX,train
data\processed\1019_MTI_FEA_XX.npy,1019,MTI,FEA,XX,train
data\processed\1021_MTI_FEA_XX.npy,1021,MTI,FEA,XX,train
data\processed\1033_MTI_DIS_XX.npy,1033,MTI,DIS,XX,train
data\processed\1035_MTI_NEU_XX.npy,1035,MTI,NEU,XX,train
data\processed\1035_MTI_SAD_XX.npy,1035,MTI,SAD,XX,train
data\processed\1012_MTI_ANG_XX.npy,1012,MTI,ANG,XX,train
data\processed\1032_MTI_HAP_XX.npy,1032,MTI,HAP,XX,train
data\processed\1010_MTI_FEA_XX.npy,1010,MTI,FEA,XX,train
data\processed\1035_MTI_HAP_XX.npy,1035,MTI,HAP,XX,train
data\processed\1040_MTI_FEA_XX.npy,1040,MTI,FEA,XX,train
data\processed\1020_MTI_DIS_XX.npy,1020,MTI,DIS,XX,train
data\processed\1033_MTI_SAD_XX.npy,1033,MTI,SAD,XX,train
data\processed\1021_MTI_SAD_XX.npy,1021,MTI,SAD,XX,train
data\processed\1045_MTI_HAP_XX.npy,1045,MTI,HAP,XX,train
data\processed\1045_MTI_ANG_XX.npy,1045,MTI,ANG,XX,train
data\processed\1044_MTI_ANG_XX.npy,1044,MTI,ANG,XX,train
data\processed\1031_MTI_SAD_XX.npy,1031,MTI,SAD,XX,train
data\processed\1034_MTI_NEU_XX.npy,1034,MTI,NEU,XX,train
data\processed\1034_MTI_SAD_XX.npy,1034,MTI,SAD,XX,train
data\processed\1023_MTI_FEA_XX.npy,1023,MTI,FEA,XX,train
data\processed\1033_MTI_NEU_XX.npy,1033,MTI,NEU,XX,train
data\processed\1017_MTI_HAP_XX.npy,1017,MTI,HAP,XX,train
data\processed\1048_MTI_HAP_XX.npy,1048,MTI,HAP,XX,train
data\processed\1048_MTI_DIS_XX.npy,1048,MTI,DIS,XX,train
data\processed\1035_MTI_FEA_XX.npy,1035,MTI,FEA,XX,train
data\processed\1039_MTI_HAP_XX.npy,1039,MTI,HAP,XX,train
data\processed\1014_MTI_FEA_XX.npy,1014,MTI,FEA,XX,train
data\processed\1026_MTI_ANG_XX.npy,1026,MTI,ANG,XX,train
data\processed\1006_MTI_NEU_XX.npy,1006,MTI,NEU,XX,train
data\processed\1028_MTI_ANG_XX.npy,1028,MTI,ANG,XX,train
data\processed\1032_MTI_FEA_XX.npy,1032,MTI,FEA,XX,train
data\processed\1043_MTI_DIS_XX.npy,1043,MTI,DIS,XX,train
data\processed\1003_MTI_SAD_XX.npy,1003,MTI,SAD,XX,train
data\processed\1023_MTI_NEU_XX.npy,1023,MTI,NEU,XX,train
data\processed\1042_MTI_ANG_XX.npy,1042,MTI,ANG,XX,train
data\processed\1047_MTI_DIS_XX.npy,1047,MTI,DIS,XX,train
data\processed\1010_MTI_SAD_XX.npy,1010,MTI,SAD,XX,train
data\processed\1028_MTI_FEA_XX.npy,1028,MTI,FEA,XX,train
data\processed\1033_MTI_HAP_XX.npy,1033,MTI,HAP,XX,train
data\processed\1004_MTI_DIS_XX.npy,1004,MTI,DIS,XX,train
data\processed\1013_MTI_ANG_XX.npy,1013,MTI,ANG,XX,train
data\processed\1028_MTI_DIS_XX.npy,1028,MTI,DIS,XX,train
data\processed\1016_MTI_NEU_XX.npy,1016,MTI,NEU,XX,train
data\processed\1031_MTI_DIS_XX.npy,1031,MTI,DIS,XX,train
data\processed\1013_MTI_NEU_XX.npy,1013,MTI,NEU,XX,train
data\processed\1044_MTI_NEU_XX.npy,1044,MTI,NEU,XX,train
data\processed\1018_MTI_SAD_XX.npy,1018,MTI,SAD,XX,train
data\processed\1033_MTI_FEA_XX.npy,1033,MTI,FEA,XX,train
data\processed\1028_MTI_SAD_XX.npy,1028,MTI,SAD,XX,train
data\processed\1040_MTI_NEU_XX.npy,1040,MTI,NEU,XX,train
data\processed\1001_MTI_FEA_XX.npy,1001,MTI,FEA,XX,train
data\processed\1030_MTI_ANG_XX.npy,1030,MTI,ANG,XX,train
data\processed\1004_MTI_NEU_XX.npy,1004,MTI,NEU,XX,train
data\processed\1033_MTI_ANG_XX.npy,1033,MTI,ANG,XX,train
data\processed\1005_MTI_FEA_XX.npy,1005,MTI,FEA,XX,train
data\processed\1023_MTI_ANG_XX.npy,1023,MTI,ANG,XX,train
data\processed\1036_MTI_NEU_XX.npy,1036,MTI,NEU,XX,train
data\processed\1043_MTI_NEU_XX.npy,1043,MTI,NEU,XX,train
data\processed\1041_MTI_DIS_XX.npy,1041,MTI,DIS,XX,train
data\processed\1011_MTI_ANG_XX.npy,1011,MTI,ANG,XX,train
data\processed\1018_MTI_HAP_XX.npy,1018,MTI,HAP,XX,train
data\processed\1044_MTI_HAP_XX.npy,1044,MTI,HAP,XX,train
data\processed\1018_MTI_DIS_XX.npy,1018,MTI,DIS,XX,train
data\processed\1036_MTI_SAD_XX.npy,1036,MTI,SAD,XX,train
data\processed\1038_MTI_SAD_XX.npy,1038,MTI,SAD,XX,train
data\processed\1003_MTI_HAP_XX.npy,1003,MTI,HAP,XX,train
data\processed\1036_MTI_DIS_XX.npy,1036,MTI,DIS,XX,train
data\processed\1021_MTI_HAP_XX.npy,1021,MTI,HAP,XX,train
data\processed\1001_MTI_SAD_XX.npy,1001,MTI,SAD,XX,train
data\processed\1014_MTI_NEU_XX.npy,1014,MTI,NEU,XX,train
data\processed\1036_MTI_HAP_XX.npy,1036,MTI,HAP,XX,train
data\processed\1036_MTI_ANG_XX.npy,1036,MTI,ANG,XX,train
data\processed\1042_MTI_FEA_XX.npy,1042,MTI,FEA,XX,train
data\processed\1031_MTI_ANG_XX.npy,1031,MTI,ANG,XX,train
data\processed\1026_MTI_NEU_XX.npy,1026,MTI,NEU,XX,train
data\processed\1043_MTI_FEA_XX.npy,1043,MTI,FEA,XX,train
data\processed\1044_MTI_SAD_XX.npy,1044,MTI,SAD,XX,train
data\processed\1048_MTI_SAD_XX.npy,1048,MTI,SAD,XX,train
data\processed\1007_MTI_NEU_XX.npy,1007,MTI,NEU,XX,train
data\processed\1041_MTI_NEU_XX.npy,1041,MTI,NEU,XX,train
data\processed\1019_MTI_NEU_XX.npy,1019,MTI,NEU,XX,train
data\processed\1032_MTI_NEU_XX.npy,1032,MTI,NEU,XX,train
data\processed\1041_MTI_SAD_XX.npy,1041,MTI,SAD,XX,train
data\processed\1040_MTI_ANG_XX.npy,1040,MTI,ANG,XX,train
data\processed\1002_MTI_ANG_XX.npy,1002,MTI,ANG,XX,train
data\processed\1025_MTI_DIS_XX.npy,1025,MTI,DIS,XX,train
data\processed\1012_MTI_NEU_XX.npy,1012,MTI,NEU,XX,train
data\processed\1025_MTI_HAP_XX.npy,1025,MTI,HAP,XX,train
data\processed\1008_MTI_SAD_XX.npy,1008,MTI,SAD,XX,train
data\processed\1007_MTI_DIS_XX.npy,1007,MTI,DIS,XX,train
data\processed\1014_MTI_SAD_XX.npy,1014,MTI,SAD,XX,train
data\processed\1011_MTI_FEA_XX.npy,1011,MTI,FEA,XX,train
data\processed\1007_MTI_FEA_XX.npy,1007,MTI,FEA,XX,train
data\processed\1038_MTI_FEA_XX.npy,1038,MTI,FEA,XX,train
data\processed\1010_MTI_HAP_XX.npy,1010,MTI,HAP,XX,train
data\processed\1017_MTI_DIS_XX.npy,1017,MTI,DIS,XX,train
data\processed\1038_MTI_HAP_XX.npy,1038,MTI,HAP,XX,train
data\processed\1043_MTI_ANG_XX.npy,1043,MTI,ANG,XX,train
data\processed\1008_MTI_ANG_XX.npy,1008,MTI,ANG,XX,train
data\processed\1003_MTI_FEA_XX.npy,1003,MTI,FEA,XX,train
data\processed\1031_MTI_NEU_XX.npy,1031,MTI,NEU,XX,train
data\processed\1022_MTI_ANG_XX.npy,1022,MTI,ANG,XX,train
data\processed\1020_MTI_FEA_XX.npy,1020,MTI,FEA,XX,train
data\processed\1019_MTI_DIS_XX.npy,1019,MTI,DIS,XX,train
data\processed\1013_MTI_FEA_XX.npy,1013,MTI,FEA,XX,train
data\processed\1014_MTI_ANG_XX.npy,1014,MTI,ANG,XX,train
data\processed\1045_MTI_SAD_XX.npy,1045,MTI,SAD,XX,train
data\processed\1012_MTI_HAP_XX.npy,1012,MTI,HAP,XX,train
data\processed\1039_MTI_ANG_XX.npy,1039,MTI,ANG,XX,train
data\processed\1042_MTI_SAD_XX.npy,1042,MTI,SAD,XX,train
data\processed\1019_MTI_HAP_XX.npy,1019,MTI,HAP,XX,train
data\processed\1024_MTI_FEA_XX.npy,1024,MTI,FEA,XX,train
data\processed\1017_MTI_FEA_XX.npy,1017,MTI,FEA,XX,train
data\processed\1034_MTI_ANG_XX.npy,1034,MTI,ANG,XX,train
data\processed\1001_MTI_HAP_XX.npy,1001,MTI,HAP,XX,train
data\processed\1020_MTI_NEU_XX.npy,1020,MTI,NEU,XX,train
data\processed\1006_MTI_FEA_XX.npy,1006,MTI,FEA,XX,train
data\processed\1008_MTI_NEU_XX.npy,1008,MTI,NEU,XX,train
data\processed\1037_MTI_DIS_XX.npy,1037,MTI,DIS,XX,train
data\processed\1005_MTI_DIS_XX.npy,1005,MTI,DIS,XX,train
data\processed\1015_MTI_ANG_XX.npy,1015,MTI,ANG,XX,train
data\processed\1004_MTI_FEA_XX.npy,1004,MTI,FEA,XX,train
data\processed\1012_MTI_DIS_XX.npy,1012,MTI,DIS,XX,train
data\processed\1002_MTI_DIS_XX.npy,1002,MTI,DIS,XX,train
data\processed\1018_MTI_FEA_XX.npy,1018,MTI,FEA,XX,train
data\processed\1022_MTI_FEA_XX.npy,1022,MTI,FEA,XX,train
data\processed\1043_MTI_SAD_XX.npy,1043,MTI,SAD,XX,train
data\processed\1032_MTI_ANG_XX.npy,1032,MTI,ANG,XX,train
data\processed\1011_MTI_SAD_XX.npy,1011,MTI,SAD,XX,train
data\processed\1003_MTI_DIS_XX.npy,1003,MTI,DIS,XX,train
data\processed\1024_MTI_DIS_XX.npy,1024,MTI,DIS,XX,train
data\processed\1008_MTI_DIS_XX.npy,1008,MTI,DIS,XX,train
data\processed\1017_MTI_SAD_XX.npy,1017,MTI,SAD,XX,train
data\processed\1020_MTI_ANG_XX.npy,1020,MTI,ANG,XX,train
data\processed\1006_MTI_DIS_XX.npy,1006,MTI,DIS,XX,train
data\processed\1032_MTI_DIS_XX.npy,1032,MTI,DIS,XX,train
data\processed\1021_MTI_ANG_XX.npy,1021,MTI,ANG,XX,train
data\processed\1039_MTI_SAD_XX.npy,1039,MTI,SAD,XX,train
data\processed\1022_MTI_SAD_XX.npy,1022,MTI,SAD,XX,train
data\processed\1024_MTI_NEU_XX.npy,1024,MTI,NEU,XX,train
data\processed\1036_MTI_FEA_XX.npy,1036,MTI,FEA,XX,train
data\processed\1040_MTI_SAD_XX.npy,1040,MTI,SAD,XX,train
data\processed\1015_MTI_FEA_XX.npy,1015,MTI,FEA,XX,train
data\processed\1042_MTI_HAP_XX.npy,1042,MTI,HAP,XX,train
data\processed\1023_MTI_HAP_XX.npy,1023,MTI,HAP,XX,train
data\processed\1021_MTI_DIS_XX.npy,1021,MTI,DIS,XX,train
data\processed\1025_MTI_SAD_XX.npy,1025,MTI,SAD,XX,train
data\processed\1037_MTI_NEU_XX.npy,1037,MTI,NEU,XX,train
data\processed\1035_MTI_ANG_XX.npy,1035,MTI,ANG,XX,train
data\processed\1005_MTI_NEU_XX.npy,1005,MTI,NEU,XX,train
data\processed\1024_MTI_ANG_XX.npy,1024,MTI,ANG,XX,train
data\processed\1013_MTI_SAD_XX.npy,1013,MTI,SAD,XX,train
data\processed\1023_MTI_DIS_XX.npy,1023,MTI,DIS,XX,train
data\processed\1005_MTI_ANG_XX.npy,1005,MTI,ANG,XX,train
data\processed\1026_MTI_HAP_XX.npy,1026,MTI,HAP,XX,train
data\processed\1029_MTI_ANG_XX.npy,1029,MTI,ANG,XX,train
data\processed\1028_MTI_NEU_XX.npy,1028,MTI,NEU,XX,train
data\processed\1007_MTI_HAP_XX.npy,1007,MTI,HAP,XX,train
data\processed\1024_MTI_SAD_XX.npy,1024,MTI,SAD,XX,train
data\processed\1001_MTI_NEU_XX.npy,1001,MTI,NEU,XX,train
data\processed\1002_MTI_SAD_XX.npy,1002,MTI,SAD,XX,train
data\processed\1003_MTI_NEU_XX.npy,1003,MTI,NEU,XX,train
data\processed\1026_MTI_FEA_XX.npy,1026,MTI,FEA,XX,train
data\processed\1039_MTI_DIS_XX.npy,1039,MTI,DIS,XX,train
data\processed\1022_MTI_HAP_XX.npy,1022,MTI,HAP,XX,train
data\processed\1027_MTI_DIS_XX.npy,1027,MTI,DIS,XX,train
data\processed\1016_MTI_SAD_XX.npy,1016,MTI,SAD,XX,train
data\processed\1029_MTI_HAP_XX.npy,1029,MTI,HAP,XX,train
data\processed\1041_MTI_HAP_XX.npy,1041,MTI,HAP,XX,train
data\processed\1007_MTI_SAD_XX.npy,1007,MTI,SAD,XX,train
data\processed\1012_MTI_FEA_XX.npy,1012,MTI,FEA,XX,train
data\processed\1032_TAI_ANG_XX.npy,1032,TAI,ANG,XX,test
data\processed\1009_TAI_ANG_XX.npy,1009,TAI,ANG,XX,dev
data\processed\1025_TAI_FEA_XX.npy,1025,TAI,FEA,XX,dev
data\processed\1040_TAI_HAP_XX.npy,1040,TAI,HAP,XX,dev
data\processed\1030_TAI_NEU_XX.npy,1030,TAI,NEU,XX,dev
data\processed\1022_TAI_DIS_XX.npy,1022,TAI,DIS,XX,dev
data\processed\1004_TAI_DIS_XX.npy,1004,TAI,DIS,XX,dev
data\processed\1009_TAI_NEU_XX.npy,1009,TAI,NEU,XX,dev
data\processed\1028_TAI_HAP_XX.npy,1028,TAI,HAP,XX,dev
data\processed\1005_TAI_FEA_XX.npy,1005,TAI,FEA,XX,dev
data\processed\1023_TAI_DIS_XX.npy,1023,TAI,DIS,XX,dev
data\processed\1017_TAI_ANG_XX.npy,1017,TAI,ANG,XX,dev
data\processed\1037_TAI_ANG_XX.npy,1037,TAI,ANG,XX,dev
data\processed\1027_TAI_FEA_XX.npy,1027,TAI,FEA,XX,dev
data\processed\1020_TAI_NEU_XX.npy,1020,TAI,NEU,XX,dev
data\processed\1022_TAI_ANG_XX.npy,1022,TAI,ANG,XX,dev
data\processed\1030_TAI_HAP_XX.npy,1030,TAI,HAP,XX,dev
data\processed\1015_TAI_SAD_XX.npy,1015,TAI,SAD,XX,dev
data\processed\1043_TAI_FEA_XX.npy,1043,TAI,FEA,XX,dev
data\processed\1023_TAI_NEU_XX.npy,1023,TAI,NEU,XX,dev
data\processed\1037_TAI_NEU_XX.npy,1037,TAI,NEU,XX,dev
data\processed\1046_TAI_SAD_XX.npy,1046,TAI,SAD,XX,dev
data\processed\1018_TAI_SAD_XX.npy,1018,TAI,SAD,XX,dev
data\processed\1048_TAI_FEA_XX.npy,1048,TAI,FEA,XX,dev
data\processed\1038_TAI_FEA_XX.npy,1038,TAI,FEA,XX,dev
data\processed\1008_TAI_ANG_XX.npy,1008,TAI,ANG,XX,dev
data\processed\1041_TAI_ANG_XX.npy,1041,TAI,ANG,XX,dev
data\processed\1018_TAI_NEU_XX.npy,1018,TAI,NEU,XX,dev
data\processed\1031_TAI_SAD_XX.npy,1031,TAI,SAD,XX,dev
data\processed\1005_TAI_DIS_XX.npy,1005,TAI,DIS,XX,train
data\processed\1035_TAI_DIS_XX.npy,1035,TAI,DIS,XX,train
data\processed\1016_TAI_NEU_XX.npy,1016,TAI,NEU,XX,train
data\processed\1048_TAI_NEU_XX.npy,1048,TAI,NEU,XX,train
data\processed\1019_TAI_FEA_XX.npy,1019,TAI,FEA,XX,train
data\processed\1046_TAI_FEA_XX.npy,1046,TAI,FEA,XX,train
data\processed\1015_TAI_HAP_XX.npy,1015,TAI,HAP,XX,train
data\processed\1005_TAI_NEU_XX.npy,1005,TAI,NEU,XX,train
data\processed\1038_TAI_HAP_XX.npy,1038,TAI,HAP,XX,train
data\processed\1022_TAI_SAD_XX.npy,1022,TAI,SAD,XX,train
data\processed\1002_TAI_SAD_XX.npy,1002,TAI,SAD,XX,train
data\processed\1040_TAI_FEA_XX.npy,1040,TAI,FEA,XX,train
data\processed\1041_TAI_DIS_XX.npy,1041,TAI,DIS,XX,train
data\processed\1019_TAI_ANG_XX.npy,1019,TAI,ANG,XX,train
data\processed\1011_TAI_HAP_XX.npy,1011,TAI,HAP,XX,train
data\processed\1022_TAI_FEA_XX.npy,1022,TAI,FEA,XX,train
data\processed\1019_TAI_SAD_XX.npy,1019,TAI,SAD,XX,train
data\processed\1023_TAI_HAP_XX.npy,1023,TAI,HAP,XX,train
data\processed\1038_TAI_DIS_XX.npy,1038,TAI,DIS,XX,train
data\processed\1014_TAI_ANG_XX.npy,1014,TAI,ANG,XX,train
data\processed\1043_TAI_NEU_XX.npy,1043,TAI,NEU,XX,train
data\processed\1027_TAI_ANG_XX.npy,1027,TAI,ANG,XX,train
data\processed\1043_TAI_DIS_XX.npy,1043,TAI,DIS,XX,train
data\processed\1013_TAI_HAP_XX.npy,1013,TAI,HAP,XX,train
data\processed\1025_TAI_ANG_XX.npy,1025,TAI,ANG,XX,train
data\processed\1016_TAI_HAP_XX.npy,1016,TAI,HAP,XX,train
data\processed\1012_TAI_SAD_XX.npy,1012,TAI,SAD,XX,train
data\processed\1029_TAI_NEU_XX.npy,1029,TAI,NEU,XX,train
data\processed\1032_TAI_HAP_XX.npy,1032,TAI,HAP,XX,train
data\processed\1041_TAI_FEA_XX.npy,1041,TAI,FEA,XX,train
data\processed\1020_TAI_HAP_XX.npy,1020,TAI,HAP,XX,train
data\processed\1005_TAI_ANG_XX.npy,1005,TAI,ANG,XX,train
data\processed\1029_TAI_FEA_XX.npy,1029,TAI,FEA,XX,train
data\processed\1003_TAI_HAP_XX.npy,1003,TAI,HAP,XX,train
data\processed\1009_TAI_FEA_XX.npy,1009,TAI,FEA,XX,train
data\processed\1033_TAI_FEA_XX.npy,1033,TAI,FEA,XX,train
data\processed\1035_TAI_FEA_XX.npy,1035,TAI,FEA,XX,train
data\processed\1026_TAI_FEA_XX.npy,1026,TAI,FEA,XX,train
data\processed\1007_TAI_SAD_XX.npy,1007,TAI,SAD,XX,train
data\processed\1007_TAI_NEU_XX.npy,1007,TAI,NEU,XX,train
data\processed\1025_TAI_SAD_XX.npy,1025,TAI,SAD,XX,train
data\processed\1029_TAI_HAP_XX.npy,1029,TAI,HAP,XX,train
data\processed\1010_TAI_NEU_XX.npy,1010,TAI,NEU,XX,train
data\processed\1046_TAI_DIS_XX.npy,1046,TAI,DIS,XX,train
data\processed\1005_TAI_HAP_XX.npy,1005,TAI,HAP,XX,train
data\processed\1025_TAI_DIS_XX.npy,1025,TAI,DIS,XX,train
data\processed\1013_TAI_FEA_XX.npy,1013,TAI,FEA,XX,train
data\processed\1024_TAI_NEU_XX.npy,1024,TAI,NEU,XX,train
data\processed\1026_TAI_DIS_XX.npy,1026,TAI,DIS,XX,train
data\processed\1040_TAI_NEU_XX.npy,1040,TAI,NEU,XX,train
data\processed\1012_TAI_DIS_XX.npy,1012,TAI,DIS,XX,train
data\processed\1028_TAI_NEU_XX.npy,1028,TAI,NEU,XX,train
data\processed\1017_TAI_DIS_XX.npy,1017,TAI,DIS,XX,train
data\processed\1027_TAI_NEU_XX.npy,1027,TAI,NEU,XX,train
data\processed\1008_TAI_FEA_XX.npy,1008,TAI,FEA,XX,train
data\processed\1016_TAI_DIS_XX.npy,1016,TAI,DIS,XX,train
data\processed\1015_TAI_FEA_XX.npy,1015,TAI,FEA,XX,train
data\processed\1014_TAI_SAD_XX.npy,1014,TAI,SAD,XX,train
data\processed\1006_TAI_ANG_XX.npy,1006,TAI,ANG,XX,train
data\processed\1030_TAI_FEA_XX.npy,1030,TAI,FEA,XX,train
data\processed\1020_TAI_FEA_XX.npy,1020,TAI,FEA,XX,train
data\processed\1047_TAI_SAD_XX.npy,1047,TAI,SAD,XX,train
data\processed\1011_TAI_DIS_XX.npy,1011,TAI,DIS,XX,train
data\processed\1011_TAI_FEA_XX.npy,1011,TAI,FEA,XX,train
data\processed\1044_TAI_HAP_XX.npy,1044,TAI,HAP,XX,train
data\processed\1031_TAI_DIS_XX.npy,1031,TAI,DIS,XX,train
data\processed\1004_TAI_SAD_XX.npy,1004,TAI,SAD,XX,train
data\processed\1035_TAI_ANG_XX.npy,1035,TAI,ANG,XX,train
data\processed\1021_TAI_DIS_XX.npy,1021,TAI,DIS,XX,train
data\processed\1008_TAI_HAP_XX.npy,1008,TAI,HAP,XX,train
data\processed\1031_TAI_NEU_XX.npy,1031,TAI,NEU,XX,train
data\processed\1001_TAI_SAD_XX.npy,1001,TAI,SAD,XX,train
data\processed\1019_TAI_HAP_XX.npy,1019,TAI,HAP,XX,train
data\processed\1021_TAI_SAD_XX.npy,1021,TAI,SAD,XX,train
data\processed\1012_TAI_ANG_XX.npy,1012,TAI,ANG,XX,train
data\processed\1043_TAI_ANG_XX.npy,1043,TAI,ANG,XX,train
data\processed\1012_TAI_HAP_XX.npy,1012,TAI,HAP,XX,train
data\processed\1028_TAI_SAD_XX.npy,1028,TAI,SAD,XX,train
data\processed\1014_TAI_DIS_XX.npy,1014,TAI,DIS,XX,train
data\processed\1036_TAI_FEA_XX.npy,1036,TAI,FEA,XX,train
data\processed\1047_TAI_ANG_XX.npy,1047,TAI,ANG,XX,train
data\processed\1008_TAI_SAD_XX.npy,1008,TAI,SAD,XX,train
data\processed\1036_TAI_DIS_XX.npy,1036,TAI,DIS,XX,train
data\processed\1011_TAI_ANG_XX.npy,1011,TAI,ANG,XX,train
data\processed\1002_TAI_HAP_XX.npy,1002,TAI,HAP,XX,train
data\processed\1033_TAI_SAD_XX.npy,1033,TAI,SAD,XX,train
data\processed\1045_TAI_ANG_XX.npy,1045,TAI,ANG,XX,train
data\processed\1001_TAI_ANG_XX.npy,1001,TAI,ANG,XX,train
data\processed\1011_TAI_SAD_XX.npy,1011,TAI,SAD,XX,train
data\processed\1017_TAI_SAD_XX.npy,1017,TAI,SAD,XX,train
data\processed\1034_TAI_HAP_XX.npy,1034,TAI,HAP,XX,train
data\processed\1008_TAI_NEU_XX.npy,1008,TAI,NEU,XX,train
data\processed\1039_TAI_SAD_XX.npy,1039,TAI,SAD,XX,train
data\processed\1009_TAI_DIS_XX.npy,1009,TAI,DIS,XX,train
data\processed\1016_TAI_FEA_XX.npy,1016,TAI,FEA,XX,train
data\processed\1043_TAI_HAP_XX.npy,1043,TAI,HAP,XX,train
data\processed\1029_TAI_ANG_XX.npy,1029,TAI,ANG,XX,train
data\processed\1017_TAI_HAP_XX.npy,1017,TAI,HAP,XX,train
data\processed\1010_TAI_SAD_XX.npy,1010,TAI,SAD,XX,train
data\processed\1015_TAI_NEU_XX.npy,1015,TAI,NEU,XX,train
data\processed\1020_TAI_SAD_XX.npy,1020,TAI,SAD,XX,train
data\processed\1046_TAI_ANG_XX.npy,1046,TAI,ANG,XX,train
data\processed\1034_TAI_DIS_XX.npy,1034,TAI,DIS,XX,train
data\processed\1026_TAI_NEU_XX.npy,1026,TAI,NEU,XX,train
data\processed\1016_TAI_ANG_XX.npy,1016,TAI,ANG,XX,train
data\processed\1013_TAI_SAD_XX.npy,1013,TAI,SAD,XX,train
data\processed\1033_TAI_NEU_XX.npy,1033,TAI,NEU,XX,train
data\processed\1036_TAI_ANG_XX.npy,1036,TAI,ANG,XX,train
data\processed\1037_TAI_FEA_XX.npy,1037,TAI,FEA,XX,train
data\processed\1047_TAI_FEA_XX.npy,1047,TAI,FEA,XX,train
data\processed\1027_TAI_DIS_XX.npy,1027,TAI,DIS,XX,train
data\processed\1002_TAI_FEA_XX.npy,1002,TAI,FEA,XX,train
data\processed\1031_TAI_HAP_XX.npy,1031,TAI,HAP,XX,train
data\processed\1048_TAI_SAD_XX.npy,1048,TAI,SAD,XX,train
data\processed\1034_TAI_NEU_XX.npy,1034,TAI,NEU,XX,train
data\processed\1033_TAI_ANG_XX.npy,1033,TAI,ANG,XX,train
data\processed\1027_TAI_HAP_XX.npy,1027,TAI,HAP,XX,train
data\processed\1022_TAI_NEU_XX.npy,1022,TAI,NEU,XX,train
data\processed\1037_TAI_SAD_XX.npy,1037,TAI,SAD,XX,train
data\processed\1043_TAI_SAD_XX.npy,1043,TAI,SAD,XX,train
data\processed\1044_TAI_ANG_XX.npy,1044,TAI,ANG,XX,train
data\processed\1004_TAI_ANG_XX.npy,1004,TAI,ANG,XX,train
data\processed\1046_TAI_NEU_XX.npy,1046,TAI,NEU,XX,train
data\processed\1019_TAI_DIS_XX.npy,1019,TAI,DIS,XX,train
data\processed\1044_TAI_DIS_XX.npy,1044,TAI,DIS,XX,train
data\processed\1021_TAI_FEA_XX.npy,1021,TAI,FEA,XX,train
data\processed\1035_TAI_NEU_XX.npy,1035,TAI,NEU,XX,train
data\processed\1033_TAI_DIS_XX.npy,1033,TAI,DIS,XX,train
data\processed\1042_TAI_SAD_XX.npy,1042,TAI,SAD,XX,train
data\processed\1019_TAI_NEU_XX.npy,1019,TAI,NEU,XX,train
data\processed\1040_TAI_SAD_XX.npy,1040,TAI,SAD,XX,train
data\processed\1004_TAI_FEA_XX.npy,1004,TAI,FEA,XX,train
data\processed\1040_TAI_DIS_XX.npy,1040,TAI,DIS,XX,train
data\processed\1032_TAI_FEA_XX.npy,1032,TAI,FEA,XX,train
data\processed\1023_TAI_SAD_XX.npy,1023,TAI,SAD,XX,train
data\processed\1042_TAI_NEU_XX.npy,1042,TAI,NEU,XX,train
data\processed\1021_TAI_NEU_XX.npy,1021,TAI,NEU,XX,train
data\processed\1030_TAI_ANG_XX.npy,1030,TAI,ANG,XX,train
data\processed\1020_TAI_DIS_XX.npy,1020,TAI,DIS,XX,train
data\processed\1033_TAI_HAP_XX.npy,1033,TAI,HAP,XX,train
data\processed\1034_TAI_SAD_XX.npy,1034,TAI,SAD,XX,train
data\processed\1045_TAI_DIS_XX.npy,1045,TAI,DIS,XX,train
data\processed\1038_TAI_ANG_XX.npy,1038,TAI,ANG,XX,train
data\processed\1003_TAI_NEU_XX.npy,1003,TAI,NEU,XX,train
data\processed\1039_TAI_HAP_XX.npy,1039,TAI,HAP,XX,train
data\processed\1015_TAI_ANG_XX.npy,1015,TAI,ANG,XX,train
data\processed\1046_TAI_HAP_XX.npy,1046,TAI,HAP,XX,train
data\processed\1014_TAI_NEU_XX.npy,1014,TAI,NEU,XX,train
data\processed\1001_TAI_DIS_XX.npy,1001,TAI,DIS,XX,train
data\processed\1015_TAI_DIS_XX.npy,1015,TAI,DIS,XX,train
data\processed\1005_TAI_SAD_XX.npy,1005,TAI,SAD,XX,train
data\processed\1006_TAI_NEU_XX.npy,1006,TAI,NEU,XX,train
data\processed\1022_TAI_HAP_XX.npy,1022,TAI,HAP,XX,train
data\processed\1007_TAI_ANG_XX.npy,1007,TAI,ANG,XX,train
data\processed\1047_TAI_HAP_XX.npy,1047,TAI,HAP,XX,train
data\processed\1013_TAI_ANG_XX.npy,1013,TAI,ANG,XX,train
data\processed\1028_TAI_DIS_XX.npy,1028,TAI,DIS,XX,train
data\processed\1039_TAI_FEA_XX.npy,1039,TAI,FEA,XX,train
data\processed\1003_TAI_SAD_XX.npy,1003,TAI,SAD,XX,train
data\processed\1044_TAI_FEA_XX.npy,1044,TAI,FEA,XX,train
data\processed\1003_TAI_DIS_XX.npy,1003,TAI,DIS,XX,train
data\processed\1028_TAI_ANG_XX.npy,1028,TAI,ANG,XX,train
data\processed\1001_TAI_FEA_XX.npy,1001,TAI,FEA,XX,train
data\processed\1030_TAI_DIS_XX.npy,1030,TAI,DIS,XX,train
data\processed\1045_TAI_SAD_XX.npy,1045,TAI,SAD,XX,train
data\processed\1010_TAI_ANG_XX.npy,1010,TAI,ANG,XX,train
data\processed\1045_TAI_NEU_XX.npy,1045,TAI,NEU,XX,train
data\processed\1012_TAI_FEA_XX.npy,1012,TAI,FEA,XX,train
data\processed\1013_TAI_DIS_XX.npy,1013,TAI,DIS,XX,train
data\processed\1021_TAI_ANG_XX.npy,1021,TAI,ANG,XX,train
data\processed\1025_TAI_HAP_XX.npy,1025,TAI,HAP,XX,train
data\processed\1004_TAI_NEU_XX.npy,1004,TAI,NEU,XX,train
data\processed\1008_TAI_DIS_XX.npy,1008,TAI,DIS,XX,train
data\processed\1044_TAI_SAD_XX.npy,1044,TAI,SAD,XX,train
data\processed\1042_TAI_DIS_XX.npy,1042,TAI,DIS,XX,train
data\processed\1039_TAI_NEU_XX.npy,1039,TAI,NEU,XX,train
data\processed\1006_TAI_FEA_XX.npy,1006,TAI,FEA,XX,train
data\processed\1037_TAI_HAP_XX.npy,1037,TAI,HAP,XX,train
data\processed\1007_TAI_DIS_XX.npy,1007,TAI,DIS,XX,train
data\processed\1047_TAI_NEU_XX.npy,1047,TAI,NEU,XX,train
data\processed\1020_TAI_ANG_XX.npy,1020,TAI,ANG,XX,train
data\processed\1032_TAI_NEU_XX.npy,1032,TAI,NEU,XX,train
data\processed\1003_TAI_FEA_XX.npy,1003,TAI,FEA,XX,train
data\processed\1024_TAI_DIS_XX.npy,1024,TAI,DIS,XX,train
data\processed\1036_TAI_HAP_XX.npy,1036,TAI,HAP,XX,train
data\processed\1018_TAI_DIS_XX.npy,1018,TAI,DIS,XX,train
data\processed\1041_TAI_SAD_XX.npy,1041,TAI,SAD,XX,train
data\processed\1013_TAI_NEU_XX.npy,1013,TAI,NEU,XX,train
data\processed\1031_TAI_ANG_XX.npy,1031,TAI,ANG,XX,train
data\processed\1032_TAI_DIS_XX.npy,1032,TAI,DIS,XX,train
data\processed\1024_TAI_SAD_XX.npy,1024,TAI,SAD,XX,train
data\processed\1006_TAI_HAP_XX.npy,1006,TAI,HAP,XX,train
data\processed\1018_TAI_ANG_XX.npy,1018,TAI,ANG,XX,train
data\processed\1041_TAI_HAP_XX.npy,1041,TAI,HAP,XX,train
data\processed\1026_TAI_HAP_XX.npy,1026,TAI,HAP,XX,train
data\processed\1039_TAI_ANG_XX.npy,1039,TAI,ANG,XX,train
data\processed\1002_TAI_DIS_XX.npy,1002,TAI,DIS,XX,train
data\processed\1018_TAI_HAP_XX.npy,1018,TAI,HAP,XX,train
data\processed\1009_TAI_SAD_XX.npy,1009,TAI,SAD,XX,train
data\processed\1003_TAI_ANG_XX.npy,1003,TAI,ANG,XX,train
data\processed\1045_TAI_FEA_XX.npy,1045,TAI,FEA,XX,train
data\processed\1032_TAI_SAD_XX.npy,1032,TAI,SAD,XX,train
data\processed\1025_TAI_NEU_XX.npy,1025,TAI,NEU,XX,train
data\processed\1028_TAI_FEA_XX.npy,1028,TAI,FEA,XX,train
data\processed\1017_TAI_NEU_XX.npy,1017,TAI,NEU,XX,train
data\processed\1030_TAI_SAD_XX.npy,1030,TAI,SAD,XX,train
data\processed\1004_TAI_HAP_XX.npy,1004,TAI,HAP,XX,train
data\processed\1048_TAI_DIS_XX.npy,1048,TAI,DIS,XX,train
data\processed\1035_TAI_SAD_XX.npy,1035,TAI,SAD,XX,train
data\processed\1048_TAI_HAP_XX.npy,1048,TAI,HAP,XX,train
data\processed\1014_TAI_FEA_XX.npy,1014,TAI,FEA,XX,train
data\processed\1002_TAI_ANG_XX.npy,1002,TAI,ANG,XX,train
data\processed\1038_TAI_NEU_XX.npy,1038,TAI,NEU,XX,train
data\processed\1021_TAI_HAP_XX.npy,1021,TAI,HAP,XX,train
data\processed\1034_TAI_FEA_XX.npy,1034,TAI,FEA,XX,train
data\processed\1017_TAI_FEA_XX.npy,1017,TAI,FEA,XX,train
data\processed\1018_TAI_FEA_XX.npy,1018,TAI,FEA,XX,train
data\processed\1006_TAI_DIS_XX.npy,1006,TAI,DIS,XX,train
data\processed\1038_TAI_SAD_XX.npy,1038,TAI,SAD,XX,train
data\processed\1006_TAI_SAD_XX.npy,1006,TAI,SAD,XX,train
data\processed\1041_TAI_NEU_XX.npy,1041,TAI,NEU,XX,train
data\processed\1034_TAI_ANG_XX.npy,1034,TAI,ANG,XX,train
data\processed\1042_TAI_HAP_XX.npy,1042,TAI,HAP,XX,train
data\processed\1001_TAI_HAP_XX.npy,1001,TAI,HAP,XX,train
data\processed\1026_TAI_SAD_XX.npy,1026,TAI,SAD,XX,train
data\processed\1002_TAI_NEU_XX.npy,1002,TAI,NEU,XX,train
data\processed\1001_TAI_NEU_XX.npy,1001,TAI,NEU,XX,train
data\processed\1007_TAI_FEA_XX.npy,1007,TAI,FEA,XX,train
data\processed\1031_TAI_FEA_XX.npy,1031,TAI,FEA,XX,train
data\processed\1010_TAI_FEA_XX.npy,1010,TAI,FEA,XX,train
data\processed\1024_TAI_HAP_XX.npy,1024,TAI,HAP,XX,train
data\processed\1023_TAI_FEA_XX.npy,1023,TAI,FEA,XX,train
data\processed\1037_TAI_DIS_XX.npy,1037,TAI,DIS,XX,train
data\processed\1009_TAI_HAP_XX.npy,1009,TAI,HAP,XX,train
data\processed\1026_TAI_ANG_XX.npy,1026,TAI,ANG,XX,train
data\processed\1048_TAI_ANG_XX.npy,1048,TAI,ANG,XX,train
data\processed\1016_TAI_SAD_XX.npy,1016,TAI,SAD,XX,train
data\processed\1045_TAI_HAP_XX.npy,1045,TAI,HAP,XX,train
data\processed\1010_TAI_HAP_XX.npy,1010,TAI,HAP,XX,train
data\processed\1011_TAI_NEU_XX.npy,1011,TAI,NEU,XX,train
data\processed\1036_TAI_NEU_XX.npy,1036,TAI,NEU,XX,train
data\processed\1047_TAI_DIS_XX.npy,1047,TAI,DIS,XX,train
data\processed\1036_TAI_SAD_XX.npy,1036,TAI,SAD,XX,train
data\processed\1039_TAI_DIS_XX.npy,1039,TAI,DIS,XX,train
data\processed\1035_TAI_HAP_XX.npy,1035,TAI,HAP,XX,train
data\processed\1023_TAI_ANG_XX.npy,1023,TAI,ANG,XX,train
data\processed\1044_TAI_NEU_XX.npy,1044,TAI,NEU,XX,train
data\processed\1010_TAI_DIS_XX.npy,1010,TAI,DIS,XX,train
data\processed\1014_TAI_HAP_XX.npy,1014,TAI,HAP,XX,train
data\processed\1040_TAI_ANG_XX.npy,1040,TAI,ANG,XX,train
data\processed\1007_TAI_HAP_XX.npy,1007,TAI,HAP,XX,train
data\processed\1024_TAI_ANG_XX.npy,1024,TAI,ANG,XX,train
data\processed\1029_TAI_DIS_XX.npy,1029,TAI,DIS,XX,train
data\processed\1042_TAI_ANG_XX.npy,1042,TAI,ANG,XX,train
data\processed\1042_TAI_FEA_XX.npy,1042,TAI,FEA,XX,train
data\processed\1024_TAI_FEA_XX.npy,1024,TAI,FEA,XX,train
data\processed\1027_TAI_SAD_XX.npy,1027,TAI,SAD,XX,train
data\processed\1012_TAI_NEU_XX.npy,1012,TAI,NEU,XX,train
data\processed\1029_TAI_SAD_XX.npy,1029,TAI,SAD,XX,train
data\processed\1020_TIE_DIS_XX.npy,1020,TIE,DIS,XX,test
data\processed\1044_TIE_DIS_XX.npy,1044,TIE,DIS,XX,dev
data\processed\1008_TIE_FEA_XX.npy,1008,TIE,FEA,XX,dev
data\processed\1030_TIE_DIS_XX.npy,1030,TIE,DIS,XX,dev
data\processed\1016_TIE_NEU_XX.npy,1016,TIE,NEU,XX,dev
data\processed\1019_TIE_FEA_XX.npy,1019,TIE,FEA,XX,dev
data\processed\1036_TIE_ANG_XX.npy,1036,TIE,ANG,XX,dev
data\processed\1022_TIE_FEA_XX.npy,1022,TIE,FEA,XX,dev
data\processed\1036_TIE_FEA_XX.npy,1036,TIE,FEA,XX,dev
data\processed\1015_TIE_FEA_XX.npy,1015,TIE,FEA,XX,dev
data\processed\1045_TIE_HAP_XX.npy,1045,TIE,HAP,XX,dev
data\processed\1016_TIE_SAD_XX.npy,1016,TIE,SAD,XX,dev
data\processed\1005_TIE_SAD_XX.npy,1005,TIE,SAD,XX,dev
data\processed\1010_TIE_DIS_XX.npy,1010,TIE,DIS,XX,dev
data\processed\1040_TIE_ANG_XX.npy,1040,TIE,ANG,XX,dev
data\processed\1033_TIE_SAD_XX.npy,1033,TIE,SAD,XX,dev
data\processed\1013_TIE_NEU_XX.npy,1013,TIE,NEU,XX,dev
data\processed\1037_TIE_HAP_XX.npy,1037,TIE,HAP,XX,dev
data\processed\1027_TIE_DIS_XX.npy,1027,TIE,DIS,XX,dev
data\processed\1029_TIE_ANG_XX.npy,1029,TIE,ANG,XX,dev
data\processed\1025_TIE_DIS_XX.npy,1025,TIE,DIS,XX,dev
data\processed\1039_TIE_NEU_XX.npy,1039,TIE,NEU,XX,dev
data\processed\1024_TIE_FEA_XX.npy,1024,TIE,FEA,XX,dev
data\processed\1007_TIE_SAD_XX.npy,1007,TIE,SAD,XX,dev
data\processed\1002_TIE_ANG_XX.npy,1002,TIE,ANG,XX,dev
data\processed\1039_TIE_DIS_XX.npy,1039,TIE,DIS,XX,dev
data\processed\1001_TIE_FEA_XX.npy,1001,TIE,FEA,XX,dev
data\processed\1040_TIE_FEA_XX.npy,1040,TIE,FEA,XX,dev
data\processed\1036_TIE_DIS_XX.npy,1036,TIE,DIS,XX,dev
data\processed\1037_TIE_NEU_XX.npy,1037,TIE,NEU,XX,train
data\processed\1025_TIE_HAP_XX.npy,1025,TIE,HAP,XX,train
data\processed\1026_TIE_HAP_XX.npy,1026,TIE,HAP,XX,train
data\processed\1011_TIE_NEU_XX.npy,1011,TIE,NEU,XX,train
data\processed\1042_TIE_SAD_XX.npy,1042,TIE,SAD,XX,train
data\processed\1015_TIE_DIS_XX.npy,1015,TIE,DIS,XX,train
data\processed\1002_TIE_HAP_XX.npy,1002,TIE,HAP,XX,train
data\processed\1017_TIE_FEA_XX.npy,1017,TIE,FEA,XX,train
data\processed\1019_TIE_HAP_XX.npy,1019,TIE,HAP,XX,train
data\processed\1035_TIE_FEA_XX.npy,1035,TIE,FEA,XX,train
data\processed\1021_TIE_NEU_XX.npy,1021,TIE,NEU,XX,train
data\processed\1015_TIE_NEU_XX.npy,1015,TIE,NEU,XX,train
data\processed\1027_TIE_ANG_XX.npy,1027,TIE,ANG,XX,train
data\processed\1003_TIE_HAP_XX.npy,1003,TIE,HAP,XX,train
data\processed\1033_TIE_NEU_XX.npy,1033,TIE,NEU,XX,train
data\processed\1011_TIE_FEA_XX.npy,1011,TIE,FEA,XX,train
data\processed\1016_TIE_HAP_XX.npy,1016,TIE,HAP,XX,train
data\processed\1021_TIE_FEA_XX.npy,1021,TIE,FEA,XX,train
data\processed\1005_TIE_ANG_XX.npy,1005,TIE,ANG,XX,train
data\processed\1006_TIE_FEA_XX.npy,1006,TIE,FEA,XX,train
data\processed\1002_TIE_DIS_XX.npy,1002,TIE,DIS,XX,train
data\processed\1007_TIE_NEU_XX.npy,1007,TIE,NEU,XX,train
data\processed\1001_TIE_SAD_XX.npy,1001,TIE,SAD,XX,train
data\processed\1025_TIE_ANG_XX.npy,1025,TIE,ANG,XX,train
data\processed\1004_TIE_FEA_XX.npy,1004,TIE,FEA,XX,train
data\processed\1028_TIE_ANG_XX.npy,1028,TIE,ANG,XX,train
data\processed\1008_TIE_DIS_XX.npy,1008,TIE,DIS,XX,train
data\processed\1039_TIE_HAP_XX.npy,1039,TIE,HAP,XX,train
data\processed\1043_TIE_FEA_XX.npy,1043,TIE,FEA,XX,train
data\processed\1041_TIE_ANG_XX.npy,1041,TIE,ANG,XX,train
data\processed\1013_TIE_HAP_XX.npy,1013,TIE,HAP,XX,train
data\processed\1030_TIE_FEA_XX.npy,1030,TIE,FEA,XX,train
data\processed\1046_TIE_NEU_XX.npy,1046,TIE,NEU,XX,train
data\processed\1025_TIE_FEA_XX.npy,1025,TIE,FEA,XX,train
data\processed\1047_TIE_HAP_XX.npy,1047,TIE,HAP,XX,train
data\processed\1033_TIE_DIS_XX.npy,1033,TIE,DIS,XX,train
data\processed\1020_TIE_SAD_XX.npy,1020,TIE,SAD,XX,train
data\processed\1047_TIE_FEA_XX.npy,1047,TIE,FEA,XX,train
data\processed\1023_TIE_HAP_XX.npy,1023,TIE,HAP,XX,train
data\processed\1004_TIE_DIS_XX.npy,1004,TIE,DIS,XX,train
data\processed\1034_TIE_FEA_XX.npy,1034,TIE,FEA,XX,train
data\processed\1032_TIE_ANG_XX.npy,1032,TIE,ANG,XX,train
data\processed\1016_TIE_FEA_XX.npy,1016,TIE,FEA,XX,train
data\processed\1018_TIE_DIS_XX.npy,1018,TIE,DIS,XX,train
data\processed\1032_TIE_SAD_XX.npy,1032,TIE,SAD,XX,train
data\processed\1018_TIE_FEA_XX.npy,1018,TIE,FEA,XX,train
data\processed\1032_TIE_FEA_XX.npy,1032,TIE,FEA,XX,train
data\processed\1005_TIE_HAP_XX.npy,1005,TIE,HAP,XX,train
data\processed\1023_TIE_NEU_XX.npy,1023,TIE,NEU,XX,train
data\processed\1028_TIE_HAP_XX.npy,1028,TIE,HAP,XX,train
data\processed\1001_TIE_HAP_XX.npy,1001,TIE,HAP,XX,train
data\processed\1022_TIE_SAD_XX.npy,1022,TIE,SAD,XX,train
data\processed\1014_TIE_HAP_XX.npy,1014,TIE,HAP,XX,train
data\processed\1038_TIE_ANG_XX.npy,1038,TIE,ANG,XX,train
data\processed\1011_TIE_DIS_XX.npy,1011,TIE,DIS,XX,train
data\processed\1042_TIE_HAP_XX.npy,1042,TIE,HAP,XX,train
data\processed\1014_TIE_SAD_XX.npy,1014,TIE,SAD,XX,train
data\processed\1040_TIE_DIS_XX.npy,1040,TIE,DIS,XX,train
data\processed\1019_TIE_NEU_XX.npy,1019,TIE,NEU,XX,train
data\processed\1043_TIE_HAP_XX.npy,1043,TIE,HAP,XX,train
data\processed\1014_TIE_FEA_XX.npy,1014,TIE,FEA,XX,train
data\processed\1032_TIE_DIS_XX.npy,1032,TIE,DIS,XX,train
data\processed\1026_TIE_SAD_XX.npy,1026,TIE,SAD,XX,train
data\processed\1038_TIE_FEA_XX.npy,1038,TIE,FEA,XX,train
data\processed\1034_TIE_DIS_XX.npy,1034,TIE,DIS,XX,train
data\processed\1044_TIE_ANG_XX.npy,1044,TIE,ANG,XX,train
data\processed\1041_TIE_HAP_XX.npy,1041,TIE,HAP,XX,train
data\processed\1028_TIE_NEU_XX.npy,1028,TIE,NEU,XX,train
data\processed\1046_TIE_FEA_XX.npy,1046,TIE,FEA,XX,train
data\processed\1025_TIE_SAD_XX.npy,1025,TIE,SAD,XX,train
data\processed\1027_TIE_SAD_XX.npy,1027,TIE,SAD,XX,train
data\processed\1003_TIE_ANG_XX.npy,1003,TIE,ANG,XX,train
data\processed\1011_TIE_HAP_XX.npy,1011,TIE,HAP,XX,train
data\processed\1018_TIE_NEU_XX.npy,1018,TIE,NEU,XX,train
data\processed\1020_TIE_FEA_XX.npy,1020,TIE,FEA,XX,train
data\processed\1026_TIE_ANG_XX.npy,1026,TIE,ANG,XX,train
data\processed\1048_TIE_SAD_XX.npy,1048,TIE,SAD,XX,train
data\processed\1031_TIE_DIS_XX.npy,1031,TIE,DIS,XX,train
data\processed\1023_TIE_FEA_XX.npy,1023,TIE,FEA,XX,train
data\processed\1048_TIE_ANG_XX.npy,1048,TIE,ANG,XX,train
data\processed\1022_TIE_NEU_XX.npy,1022,TIE,NEU,XX,train
data\processed\1030_TIE_SAD_XX.npy,1030,TIE,SAD,XX,train
data\processed\1013_TIE_SAD_XX.npy,1013,TIE,SAD,XX,train
data\processed\1041_TIE_SAD_XX.npy,1041,TIE,SAD,XX,train
data\processed\1048_TIE_HAP_XX.npy,1048,TIE,HAP,XX,train
data\processed\1028_TIE_DIS_XX.npy,1028,TIE,DIS,XX,train
data\processed\1030_TIE_NEU_XX.npy,1030,TIE,NEU,XX,train
data\processed\1038_TIE_SAD_XX.npy,1038,TIE,SAD,XX,train
data\processed\1045_TIE_DIS_XX.npy,1045,TIE,DIS,XX,train
data\processed\1043_TIE_ANG_XX.npy,1043,TIE,ANG,XX,train
data\processed\1017_TIE_ANG_XX.npy,1017,TIE,ANG,XX,train
data\processed\1031_TIE_NEU_XX.npy,1031,TIE,NEU,XX,train
data\processed\1015_TIE_HAP_XX.npy,1015,TIE,HAP,XX,train
data\processed\1011_TIE_SAD_XX.npy,1011,TIE,SAD,XX,train
data\processed\1003_TIE_NEU_XX.npy,1003,TIE,NEU,XX,train
data\processed\1009_TIE_NEU_XX.npy,1009,TIE,NEU,XX,train
data\processed\1012_TIE_HAP_XX.npy,1012,TIE,HAP,XX,train
data\processed\1003_TIE_DIS_XX.npy,1003,TIE,DIS,XX,train
data\processed\1004_TIE_SAD_XX.npy,1004,TIE,SAD,XX,train
data\processed\1031_TIE_HAP_XX.npy,1031,TIE,HAP,XX,train
data\processed\1040_TIE_NEU_XX.npy,1040,TIE,NEU,XX,train
data\processed\1021_TIE_ANG_XX.npy,1021,TIE,ANG,XX,train
data\processed\1035_TIE_ANG_XX.npy,1035,TIE,ANG,XX,train
data\processed\1018_TIE_SAD_XX.npy,1018,TIE,SAD,XX,train
data\processed\1046_TIE_ANG_XX.npy,1046,TIE,ANG,XX,train
data\processed\1036_TIE_SAD_XX.npy,1036,TIE,SAD,XX,train
data\processed\1014_TIE_DIS_XX.npy,1014,TIE,DIS,XX,train
data\processed\1046_TIE_DIS_XX.npy,1046,TIE,DIS,XX,train
data\processed\1007_TIE_HAP_XX.npy,1007,TIE,HAP,XX,train
data\processed\1024_TIE_DIS_XX.npy,1024,TIE,DIS,XX,train
data\processed\1034_TIE_ANG_XX.npy,1034,TIE,ANG,XX,train
data\processed\1024_TIE_HAP_XX.npy,1024,TIE,HAP,XX,train
data\processed\1017_TIE_HAP_XX.npy,1017,TIE,HAP,XX,train
data\processed\1017_TIE_NEU_XX.npy,1017,TIE,NEU,XX,train
data\processed\1015_TIE_SAD_XX.npy,1015,TIE,SAD,XX,train
data\processed\1003_TIE_FEA_XX.npy,1003,TIE,FEA,XX,train
data\processed\1023_TIE_ANG_XX.npy,1023,TIE,ANG,XX,train
data\processed\1031_TIE_FEA_XX.npy,1031,TIE,FEA,XX,train
data\processed\1015_TIE_ANG_XX.npy,1015,TIE,ANG,XX,train
data\processed\1047_TIE_ANG_XX.npy,1047,TIE,ANG,XX,train
data\processed\1012_TIE_FEA_XX.npy,1012,TIE,FEA,XX,train
data\processed\1004_TIE_ANG_XX.npy,1004,TIE,ANG,XX,train
data\processed\1046_TIE_SAD_XX.npy,1046,TIE,SAD,XX,train
data\processed\1045_TIE_NEU_XX.npy,1045,TIE,NEU,XX,train
data\processed\1036_TIE_NEU_XX.npy,1036,TIE,NEU,XX,train
data\processed\1042_TIE_ANG_XX.npy,1042,TIE,ANG,XX,train
data\processed\1019_TIE_DIS_XX.npy,1019,TIE,DIS,XX,train
data\processed\1035_TIE_DIS_XX.npy,1035,TIE,DIS,XX,train
data\processed\1020_TIE_NEU_XX.npy,1020,TIE,NEU,XX,train
data\processed\1042_TIE_NEU_XX.npy,1042,TIE,NEU,XX,train
data\processed\1023_TIE_DIS_XX.npy,1023,TIE,DIS,XX,train
data\processed\1005_TIE_DIS_XX.npy,1005,TIE,DIS,XX,train
data\processed\1043_TIE_DIS_XX.npy,1043,TIE,DIS,XX,train
data\processed\1006_TIE_ANG_XX.npy,1006,TIE,ANG,XX,train
data\processed\1017_TIE_DIS_XX.npy,1017,TIE,DIS,XX,train
data\processed\1035_TIE_NEU_XX.npy,1035,TIE,NEU,XX,train
data\processed\1003_TIE_SAD_XX.npy,1003,TIE,SAD,XX,train
data\processed\1017_TIE_SAD_XX.npy,1017,TIE,SAD,XX,train
data\processed\1024_TIE_NEU_XX.npy,1024,TIE,NEU,XX,train
data\processed\1013_TIE_FEA_XX.npy,1013,TIE,FEA,XX,train
data\processed\1010_TIE_FEA_XX.npy,1010,TIE,FEA,XX,train
data\processed\1013_TIE_DIS_XX.npy,1013,TIE,DIS,XX,train
data\processed\1039_TIE_ANG_XX.npy,1039,TIE,ANG,XX,train
data\processed\1033_TIE_HAP_XX.npy,1033,TIE,HAP,XX,train
data\processed\1016_TIE_DIS_XX.npy,1016,TIE,DIS,XX,train
data\processed\1037_TIE_DIS_XX.npy,1037,TIE,DIS,XX,train
data\processed\1022_TIE_ANG_XX.npy,1022,TIE,ANG,XX,train
data\processed\1038_TIE_NEU_XX.npy,1038,TIE,NEU,XX,train
data\processed\1005_TIE_FEA_XX.npy,1005,TIE,FEA,XX,train
data\processed\1045_TIE_ANG_XX.npy,1045,TIE,ANG,XX,train
data\processed\1044_TIE_HAP_XX.npy,1044,TIE,HAP,XX,train
data\processed\1012_TIE_SAD_XX.npy,1012,TIE,SAD,XX,train
data\processed\1028_TIE_FEA_XX.npy,1028,TIE,FEA,XX,train
data\processed\1028_TIE_SAD_XX.npy,1028,TIE,SAD,XX,train
data\processed\1011_TIE_ANG_XX.npy,1011,TIE,ANG,XX,train
data\processed\1020_TIE_ANG_XX.npy,1020,TIE,ANG,XX,train
data\processed\1029_TIE_HAP_XX.npy,1029,TIE,HAP,XX,train
data\processed\1047_TIE_DIS_XX.npy,1047,TIE,DIS,XX,train
data\processed\1020_TIE_HAP_XX.npy,1020,TIE,HAP,XX,train
data\processed\1008_TIE_HAP_XX.npy,1008,TIE,HAP,XX,train
data\processed\1048_TIE_FEA_XX.npy,1048,TIE,FEA,XX,train
data\processed\1035_TIE_HAP_XX.npy,1035,TIE,HAP,XX,train
data\processed\1043_TIE_NEU_XX.npy,1043,TIE,NEU,XX,train
data\processed\1022_TIE_HAP_XX.npy,1022,TIE,HAP,XX,train
data\processed\1045_TIE_FEA_XX.npy,1045,TIE,FEA,XX,train
data\processed\1042_TIE_FEA_XX.npy,1042,TIE,FEA,XX,train
data\processed\1021_TIE_SAD_XX.npy,1021,TIE,SAD,XX,train
data\processed\1041_TIE_FEA_XX.npy,1041,TIE,FEA,XX,train
data\processed\1037_TIE_SAD_XX.npy,1037,TIE,SAD,XX,train
data\processed\1019_TIE_ANG_XX.npy,1019,TIE,ANG,XX,train
data\processed\1001_TIE_ANG_XX.npy,1001,TIE,ANG,XX,train
data\processed\1029_TIE_SAD_XX.npy,1029,TIE,SAD,XX,train
data\processed\1025_TIE_NEU_XX.npy,1025,TIE,NEU,XX,train
data\processed\1037_TIE_FEA_XX.npy,1037,TIE,FEA,XX,train
data\processed\1010_TIE_ANG_XX.npy,1010,TIE,ANG,XX,train
data\processed\1007_TIE_DIS_XX.npy,1007,TIE,DIS,XX,train
data\processed\1001_TIE_DIS_XX.npy,1001,TIE,DIS,XX,train
data\processed\1010_TIE_HAP_XX.npy,1010,TIE,HAP,XX,train
data\processed\1041_TIE_DIS_XX.npy,1041,TIE,DIS,XX,train
data\processed\1026_TIE_NEU_XX.npy,1026,TIE,NEU,XX,train
data\processed\1034_TIE_SAD_XX.npy,1034,TIE,SAD,XX,train
data\processed\1013_TIE_ANG_XX.npy,1013,TIE,ANG,XX,train
data\processed\1030_TIE_HAP_XX.npy,1030,TIE,HAP,XX,train
data\processed\1047_TIE_NEU_XX.npy,1047,TIE,NEU,XX,train
data\processed\1031_TIE_ANG_XX.npy,1031,TIE,ANG,XX,train
data\processed\1031_TIE_SAD_XX.npy,1031,TIE,SAD,XX,train
data\processed\1040_TIE_HAP_XX.npy,1040,TIE,HAP,XX,train
data\processed\1040_TIE_SAD_XX.npy,1040,TIE,SAD,XX,train
data\processed\1032_TIE_NEU_XX.npy,1032,TIE,NEU,XX,train
data\processed\1035_TIE_SAD_XX.npy,1035,TIE,SAD,XX,train
data\processed\1033_TIE_FEA_XX.npy,1033,TIE,FEA,XX,train
data\processed\1006_TIE_HAP_XX.npy,1006,TIE,HAP,XX,train
data\processed\1030_TIE_ANG_XX.npy,1030,TIE,ANG,XX,train
data\processed\1021_TIE_HAP_XX.npy,1021,TIE,HAP,XX,train
data\processed\1029_TIE_DIS_XX.npy,1029,TIE,DIS,XX,train
data\processed\1024_TIE_ANG_XX.npy,1024,TIE,ANG,XX,train
data\processed\1016_TIE_ANG_XX.npy,1016,TIE,ANG,XX,train
data\processed\1001_TIE_NEU_XX.npy,1001,TIE,NEU,XX,train
data\processed\1026_TIE_DIS_XX.npy,1026,TIE,DIS,XX,train
data\processed\1038_TIE_DIS_XX.npy,1038,TIE,DIS,XX,train
data\processed\1009_TIE_HAP_XX.npy,1009,TIE,HAP,XX,train
data\processed\1044_TIE_NEU_XX.npy,1044,TIE,NEU,XX,train
data\processed\1018_TIE_HAP_XX.npy,1018,TIE,HAP,XX,train
data\processed\1045_TIE_SAD_XX.npy,1045,TIE,SAD,XX,train
data\processed\1037_TIE_ANG_XX.npy,1037,TIE,ANG,XX,train
data\processed\1039_TIE_FEA_XX.npy,1039,TIE,FEA,XX,train
data\processed\1006_TIE_SAD_XX.npy,1006,TIE,SAD,XX,train
data\processed\1004_TIE_HAP_XX.npy,1004,TIE,HAP,XX,train
data\processed\1009_TIE_SAD_XX.npy,1009,TIE,SAD,XX,train
data\processed\1012_TIE_NEU_XX.npy,1012,TIE,NEU,XX,train
data\processed\1027_TIE_FEA_XX.npy,1027,TIE,FEA,XX,train
data\processed\1032_TIE_HAP_XX.npy,1032,TIE,HAP,XX,train
data\processed\1007_TIE_FEA_XX.npy,1007,TIE,FEA,XX,train
data\processed\1014_TIE_ANG_XX.npy,1014,TIE,ANG,XX,train
data\processed\1034_TIE_NEU_XX.npy,1034,TIE,NEU,XX,train
data\processed\1022_TIE_DIS_XX.npy,1022,TIE,DIS,XX,train
data\processed\1012_TIE_DIS_XX.npy,1012,TIE,DIS,XX,train
data\processed\1048_TIE_NEU_XX.npy,1048,TIE,NEU,XX,train
data\processed\1047_TIE_SAD_XX.npy,1047,TIE,SAD,XX,train
data\processed\1006_TIE_NEU_XX.npy,1006,TIE,NEU,XX,train
data\processed\1007_TIE_ANG_XX.npy,1007,TIE,ANG,XX,train
data\processed\1010_TIE_NEU_XX.npy,1010,TIE,NEU,XX,train
data\processed\1041_TIE_NEU_XX.npy,1041,TIE,NEU,XX,train
data\processed\1043_TIE_SAD_XX.npy,1043,TIE,SAD,XX,train
data\processed\1009_TIE_ANG_XX.npy,1009,TIE,ANG,XX,train
data\processed\1039_TIE_SAD_XX.npy,1039,TIE,SAD,XX,train
data\processed\1048_TIE_DIS_XX.npy,1048,TIE,DIS,XX,train
data\processed\1026_TIE_FEA_XX.npy,1026,TIE,FEA,XX,train
data\processed\1024_TIE_SAD_XX.npy,1024,TIE,SAD,XX,train
data\processed\1018_TIE_ANG_XX.npy,1018,TIE,ANG,XX,train
data\processed\1012_TIE_ANG_XX.npy,1012,TIE,ANG,XX,train
data\processed\1034_TIE_HAP_XX.npy,1034,TIE,HAP,XX,train
data\processed\1046_TIE_HAP_XX.npy,1046,TIE,HAP,XX,train
data\processed\1027_TIE_NEU_XX.npy,1027,TIE,NEU,XX,train
data\processed\1009_TIE_DIS_XX.npy,1009,TIE,DIS,XX,train
data\processed\1004_TIE_NEU_XX.npy,1004,TIE,NEU,XX,train
data\processed\1002_TIE_SAD_XX.npy,1002,TIE,SAD,XX,train
data\processed\1021_TIE_DIS_XX.npy,1021,TIE,DIS,XX,train
data\processed\1009_TIE_FEA_XX.npy,1009,TIE,FEA,XX,train
data\processed\1029_TIE_FEA_XX.npy,1029,TIE,FEA,XX,train
data\processed\1044_TIE_SAD_XX.npy,1044,TIE,SAD,XX,train
data\processed\1002_TIE_FEA_XX.npy,1002,TIE,FEA,XX,train
data\processed\1044_TIE_FEA_XX.npy,1044,TIE,FEA,XX,train
data\processed\1008_TIE_SAD_XX.npy,1008,TIE,SAD,XX,train
data\processed\1008_TIE_ANG_XX.npy,1008,TIE,ANG,XX,train
data\processed\1008_TIE_NEU_XX.npy,1008,TIE,NEU,XX,train
data\processed\1019_TIE_SAD_XX.npy,1019,TIE,SAD,XX,train
data\processed\1033_TIE_ANG_XX.npy,1033,TIE,ANG,XX,train
data\processed\1042_TIE_DIS_XX.npy,1042,TIE,DIS,XX,train
data\processed\1036_TIE_HAP_XX.npy,1036,TIE,HAP,XX,train
data\processed\1027_TIE_HAP_XX.npy,1027,TIE,HAP,XX,train
data\processed\1038_TIE_HAP_XX.npy,1038,TIE,HAP,XX,train
data\processed\1023_TIE_SAD_XX.npy,1023,TIE,SAD,XX,train
data\processed\1014_TIE_NEU_XX.npy,1014,TIE,NEU,XX,train
data\processed\1029_TIE_NEU_XX.npy,1029,TIE,NEU,XX,train
data\processed\1006_TIE_DIS_XX.npy,1006,TIE,DIS,XX,train
data\processed\1010_TIE_SAD_XX.npy,1010,TIE,SAD,XX,train
data\processed\1005_TIE_NEU_XX.npy,1005,TIE,NEU,XX,train
data\processed\1040_TSI_DIS_XX.npy,1040,TSI,DIS,XX,test
data\processed\1032_TSI_FEA_XX.npy,1032,TSI,FEA,XX,test
data\processed\1022_TSI_ANG_XX.npy,1022,TSI,ANG,XX,test
data\processed\1034_TSI_FEA_XX.npy,1034,TSI,FEA,XX,test
data\processed\1039_TSI_FEA_XX.npy,1039,TSI,FEA,XX,test
data\processed\1016_TSI_ANG_XX.npy,1016,TSI,ANG,XX,test
data\processed\1005_TSI_FEA_XX.npy,1005,TSI,FEA,XX,test
data\processed\1001_TSI_NEU_XX.npy,1001,TSI,NEU,XX,test
data\processed\1039_TSI_ANG_XX.npy,1039,TSI,ANG,XX,test
data\processed\1023_TSI_SAD_XX.npy,1023,TSI,SAD,XX,test
data\processed\1026_TSI_NEU_XX.npy,1026,TSI,NEU,XX,test
data\processed\1047_TSI_FEA_XX.npy,1047,TSI,FEA,XX,test
data\processed\1044_TSI_ANG_XX.npy,1044,TSI,ANG,XX,test
data\processed\1036_TSI_HAP_XX.npy,1036,TSI,HAP,XX,test
data\processed\1030_TSI_NEU_XX.npy,1030,TSI,NEU,XX,test
data\processed\1009_TSI_ANG_XX.npy,1009,TSI,ANG,XX,test
data\processed\1027_TSI_NEU_XX.npy,1027,TSI,NEU,XX,test
data\processed\1016_TSI_SAD_XX.npy,1016,TSI,SAD,XX,test
data\processed\1003_TSI_FEA_XX.npy,1003,TSI,FEA,XX,test
data\processed\1026_TSI_FEA_XX.npy,1026,TSI,FEA,XX,test
data\processed\1004_TSI_SAD_XX.npy,1004,TSI,SAD,XX,test
data\processed\1002_TSI_FEA_XX.npy,1002,TSI,FEA,XX,test
data\processed\1048_TSI_DIS_XX.npy,1048,TSI,DIS,XX,test
data\processed\1047_TSI_HAP_XX.npy,1047,TSI,HAP,XX,test
data\processed\1024_TSI_ANG_XX.npy,1024,TSI,ANG,XX,test
data\processed\1004_TSI_FEA_XX.npy,1004,TSI,FEA,XX,test
data\processed\1041_TSI_DIS_XX.npy,1041,TSI,DIS,XX,test
data\processed\1002_TSI_HAP_XX.npy,1002,TSI,HAP,XX,test
data\processed\1034_TSI_HAP_XX.npy,1034,TSI,HAP,XX,test
data\processed\1029_TSI_HAP_XX.npy,1029,TSI,HAP,XX,test
data\processed\1038_TSI_SAD_XX.npy,1038,TSI,SAD,XX,test
data\processed\1030_TSI_SAD_XX.npy,1030,TSI,SAD,XX,test
data\processed\1020_TSI_HAP_XX.npy,1020,TSI,HAP,XX,test
data\processed\1019_TSI_FEA_XX.npy,1019,TSI,FEA,XX,test
data\processed\1036_TSI_SAD_XX.npy,1036,TSI,SAD,XX,test
data\processed\1026_TSI_SAD_XX.npy,1026,TSI,SAD,XX,test
data\processed\1005_TSI_SAD_XX.npy,1005,TSI,SAD,XX,test
data\processed\1044_TSI_DIS_XX.npy,1044,TSI,DIS,XX,test
data\processed\1007_TSI_NEU_XX.npy,1007,TSI,NEU,XX,test
data\processed\1005_TSI_NEU_XX.npy,1005,TSI,NEU,XX,test
data\processed\1042_TSI_DIS_XX.npy,1042,TSI,DIS,XX,test
data\processed\1018_TSI_NEU_XX.npy,1018,TSI,NEU,XX,test
data\processed\1022_TSI_HAP_XX.npy,1022,TSI,HAP,XX,test
data\processed\1032_TSI_ANG_XX.npy,1032,TSI,ANG,XX,test
data\processed\1035_TSI_SAD_XX.npy,1035,TSI,SAD,XX,test
data\processed\1041_TSI_HAP_XX.npy,1041,TSI,HAP,XX,test
data\processed\1019_TSI_NEU_XX.npy,1019,TSI,NEU,XX,test
data\processed\1010_TSI_NEU_XX.npy,1010,TSI,NEU,XX,test
data\processed\1040_TSI_SAD_XX.npy,1040,TSI,SAD,XX,test
data\processed\1019_TSI_DIS_XX.npy,1019,TSI,DIS,XX,test
data\processed\1029_TSI_DIS_XX.npy,1029,TSI,DIS,XX,test
data\processed\1006_TSI_FEA_XX.npy,1006,TSI,FEA,XX,test
data\processed\1023_TSI_FEA_XX.npy,1023,TSI,FEA,XX,test
data\processed\1006_TSI_NEU_XX.npy,1006,TSI,NEU,XX,test
data\processed\1041_TSI_SAD_XX.npy,1041,TSI,SAD,XX,test
data\processed\1024_TSI_HAP_XX.npy,1024,TSI,HAP,XX,test
data\processed\1018_TSI_HAP_XX.npy,1018,TSI,HAP,XX,test
data\processed\1033_TSI_FEA_XX.npy,1033,TSI,FEA,XX,test
data\processed\1034_TSI_NEU_XX.npy,1034,TSI,NEU,XX,test
data\processed\1020_TSI_FEA_XX.npy,1020,TSI,FEA,XX,test
data\processed\1030_TSI_HAP_XX.npy,1030,TSI,HAP,XX,test
data\processed\1036_TSI_FEA_XX.npy,1036,TSI,FEA,XX,test
data\processed\1030_TSI_DIS_XX.npy,1030,TSI,DIS,XX,test
data\processed\1012_TSI_NEU_XX.npy,1012,TSI,NEU,XX,test
data\processed\1016_TSI_HAP_XX.npy,1016,TSI,HAP,XX,test
data\processed\1032_TSI_NEU_XX.npy,1032,TSI,NEU,XX,test
data\processed\1048_TSI_FEA_XX.npy,1048,TSI,FEA,XX,test
data\processed\1008_TSI_SAD_XX.npy,1008,TSI,SAD,XX,test
data\processed\1021_TSI_HAP_XX.npy,1021,TSI,HAP,XX,test
data\processed\1005_TSI_DIS_XX.npy,1005,TSI,DIS,XX,test
data\processed\1017_TSI_NEU_XX.npy,1017,TSI,NEU,XX,test
data\processed\1013_TSI_ANG_XX.npy,1013,TSI,ANG,XX,test
data\processed\1013_TSI_SAD_XX.npy,1013,TSI,SAD,XX,test
data\processed\1018_TSI_ANG_XX.npy,1018,TSI,ANG,XX,test
data\processed\1046_TSI_HAP_XX.npy,1046,TSI,HAP,XX,test
data\processed\1004_TSI_ANG_XX.npy,1004,TSI,ANG,XX,test
data\processed\1001_TSI_ANG_XX.npy,1001,TSI,ANG,XX,test
data\processed\1047_TSI_NEU_XX.npy,1047,TSI,NEU,XX,test
data\processed\1017_TSI_SAD_XX.npy,1017,TSI,SAD,XX,test
data\processed\1025_TSI_ANG_XX.npy,1025,TSI,ANG,XX,test
data\processed\1017_TSI_ANG_XX.npy,1017,TSI,ANG,XX,test
data\processed\1006_TSI_SAD_XX.npy,1006,TSI,SAD,XX,test
data\processed\1007_TSI_FEA_XX.npy,1007,TSI,FEA,XX,test
data\processed\1029_TSI_FEA_XX.npy,1029,TSI,FEA,XX,test
data\processed\1042_TSI_SAD_XX.npy,1042,TSI,SAD,XX,test
data\processed\1029_TSI_ANG_XX.npy,1029,TSI,ANG,XX,test
data\processed\1024_TSI_NEU_XX.npy,1024,TSI,NEU,XX,test
data\processed\1048_TSI_NEU_XX.npy,1048,TSI,NEU,XX,test
data\processed\1044_TSI_HAP_XX.npy,1044,TSI,HAP,XX,test
data\processed\1042_TSI_FEA_XX.npy,1042,TSI,FEA,XX,test
data\processed\1025_TSI_FEA_XX.npy,1025,TSI,FEA,XX,test
data\processed\1006_TSI_ANG_XX.npy,1006,TSI,ANG,XX,test
data\processed\1046_TSI_SAD_XX.npy,1046,TSI,SAD,XX,test
data\processed\1044_TSI_FEA_XX.npy,1044,TSI,FEA,XX,test
data\processed\1024_TSI_DIS_XX.npy,1024,TSI,DIS,XX,test
data\processed\1015_TSI_SAD_XX.npy,1015,TSI,SAD,XX,test
data\processed\1024_TSI_SAD_XX.npy,1024,TSI,SAD,XX,test
data\processed\1034_TSI_SAD_XX.npy,1034,TSI,SAD,XX,test
data\processed\1003_TSI_ANG_XX.npy,1003,TSI,ANG,XX,test
data\processed\1021_TSI_FEA_XX.npy,1021,TSI,FEA,XX,test
data\processed\1046_TSI_ANG_XX.npy,1046,TSI,ANG,XX,test
data\processed\1039_TSI_SAD_XX.npy,1039,TSI,SAD,XX,test
data\processed\1002_TSI_SAD_XX.npy,1002,TSI,SAD,XX,test
data\processed\1030_TSI_FEA_XX.npy,1030,TSI,FEA,XX,test
data\processed\1013_TSI_FEA_XX.npy,1013,TSI,FEA,XX,test
data\processed\1008_TSI_NEU_XX.npy,1008,TSI,NEU,XX,test
data\processed\1045_TSI_SAD_XX.npy,1045,TSI,SAD,XX,test
data\processed\1010_TSI_DIS_XX.npy,1010,TSI,DIS,XX,test
data\processed\1040_TSI_HAP_XX.npy,1040,TSI,HAP,XX,test
data\processed\1035_TSI_DIS_XX.npy,1035,TSI,DIS,XX,test
data\processed\1020_TSI_NEU_XX.npy,1020,TSI,NEU,XX,test
data\processed\1033_TSI_DIS_XX.npy,1033,TSI,DIS,XX,test
data\processed\1015_TSI_HAP_XX.npy,1015,TSI,HAP,XX,test
data\processed\1035_TSI_ANG_XX.npy,1035,TSI,ANG,XX,test
data\processed\1010_TSI_FEA_XX.npy,1010,TSI,FEA,XX,test
data\processed\1030_TSI_ANG_XX.npy,1030,TSI,ANG,XX,test
data\processed\1016_TSI_FEA_XX.npy,1016,TSI,FEA,XX,test
data\processed\1017_TSI_DIS_XX.npy,1017,TSI,DIS,XX,test
data\processed\1040_TSI_FEA_XX.npy,1040,TSI,FEA,XX,test
data\processed\1006_TSI_DIS_XX.npy,1006,TSI,DIS,XX,test
data\processed\1041_TSI_FEA_XX.npy,1041,TSI,FEA,XX,test
data\processed\1022_TSI_FEA_XX.npy,1022,TSI,FEA,XX,test
data\processed\1003_TSI_NEU_XX.npy,1003,TSI,NEU,XX,test
data\processed\1027_TSI_DIS_XX.npy,1027,TSI,DIS,XX,test
data\processed\1031_TSI_FEA_XX.npy,1031,TSI,FEA,XX,test
data\processed\1009_TSI_NEU_XX.npy,1009,TSI,NEU,XX,test
data\processed\1008_TSI_ANG_XX.npy,1008,TSI,ANG,XX,test
data\processed\1042_TSI_NEU_XX.npy,1042,TSI,NEU,XX,test
data\processed\1014_TSI_NEU_XX.npy,1014,TSI,NEU,XX,test
data\processed\1014_TSI_DIS_XX.npy,1014,TSI,DIS,XX,test
data\processed\1019_TSI_HAP_XX.npy,1019,TSI,HAP,XX,test
data\processed\1002_TSI_DIS_XX.npy,1002,TSI,DIS,XX,test
data\processed\1025_TSI_SAD_XX.npy,1025,TSI,SAD,XX,test
data\processed\1047_TSI_SAD_XX.npy,1047,TSI,SAD,XX,test
data\processed\1015_TSI_FEA_XX.npy,1015,TSI,FEA,XX,test
data\processed\1009_TSI_SAD_XX.npy,1009,TSI,SAD,XX,test
data\processed\1043_TSI_NEU_XX.npy,1043,TSI,NEU,XX,test
data\processed\1045_TSI_DIS_XX.npy,1045,TSI,DIS,XX,test
data\processed\1026_TSI_ANG_XX.npy,1026,TSI,ANG,XX,test
data\processed\1022_TSI_DIS_XX.npy,1022,TSI,DIS,XX,test
data\processed\1032_TSI_HAP_XX.npy,1032,TSI,HAP,XX,test
data\processed\1018_TSI_DIS_XX.npy,1018,TSI,DIS,XX,test
data\processed\1044_TSI_NEU_XX.npy,1044,TSI,NEU,XX,test
data\processed\1042_TSI_HAP_XX.npy,1042,TSI,HAP,XX,test
data\processed\1021_TSI_ANG_XX.npy,1021,TSI,ANG,XX,test
data\processed\1043_TSI_HAP_XX.npy,1043,TSI,HAP,XX,test
data\processed\1046_TSI_FEA_XX.npy,1046,TSI,FEA,XX,test
data\processed\1036_TSI_NEU_XX.npy,1036,TSI,NEU,XX,test
data\processed\1029_TSI_SAD_XX.npy,1029,TSI,SAD,XX,test
data\processed\1040_TSI_ANG_XX.npy,1040,TSI,ANG,XX,test
data\processed\1012_TSI_FEA_XX.npy,1012,TSI,FEA,XX,test
data\processed\1001_TSI_DIS_XX.npy,1001,TSI,DIS,XX,test
data\processed\1007_TSI_SAD_XX.npy,1007,TSI,SAD,XX,test
data\processed\1009_TSI_DIS_XX.npy,1009,TSI,DIS,XX,test
data\processed\1032_TSI_SAD_XX.npy,1032,TSI,SAD,XX,test
data\processed\1031_TSI_SAD_XX.npy,1031,TSI,SAD,XX,test
data\processed\1027_TSI_ANG_XX.npy,1027,TSI,ANG,XX,test
data\processed\1039_TSI_DIS_XX.npy,1039,TSI,DIS,XX,test
data\processed\1048_TSI_HAP_XX.npy,1048,TSI,HAP,XX,test
data\processed\1022_TSI_NEU_XX.npy,1022,TSI,NEU,XX,test
data\processed\1013_TSI_DIS_XX.npy,1013,TSI,DIS,XX,test
data\processed\1027_TSI_SAD_XX.npy,1027,TSI,SAD,XX,test
data\processed\1003_TSI_DIS_XX.npy,1003,TSI,DIS,XX,test
data\processed\1020_TSI_ANG_XX.npy,1020,TSI,ANG,XX,test
data\processed\1028_TSI_FEA_XX.npy,1028,TSI,FEA,XX,test
data\processed\1017_TSI_FEA_XX.npy,1017,TSI,FEA,XX,test
data\processed\1002_TSI_ANG_XX.npy,1002,TSI,ANG,XX,test
data\processed\1033_TSI_SAD_XX.npy,1033,TSI,SAD,XX,test
data\processed\1007_TSI_DIS_XX.npy,1007,TSI,DIS,XX,test
data\processed\1016_TSI_NEU_XX.npy,1016,TSI,NEU,XX,test
data\processed\1045_TSI_HAP_XX.npy,1045,TSI,HAP,XX,test
data\processed\1014_TSI_ANG_XX.npy,1014,TSI,ANG,XX,test
data\processed\1012_TSI_DIS_XX.npy,1012,TSI,DIS,XX,test
data\processed\1028_TSI_HAP_XX.npy,1028,TSI,HAP,XX,test
data\processed\1011_TSI_ANG_XX.npy,1011,TSI,ANG,XX,test
data\processed\1039_TSI_HAP_XX.npy,1039,TSI,HAP,XX,test
data\processed\1028_TSI_ANG_XX.npy,1028,TSI,ANG,XX,test
data\processed\1028_TSI_NEU_XX.npy,1028,TSI,NEU,XX,test
data\processed\1019_TSI_SAD_XX.npy,1019,TSI,SAD,XX,test
data\processed\1039_TSI_NEU_XX.npy,1039,TSI,NEU,XX,test
data\processed\1013_TSI_NEU_XX.npy,1013,TSI,NEU,XX,test
data\processed\1046_TSI_DIS_XX.npy,1046,TSI,DIS,XX,test
data\processed\1048_TSI_SAD_XX.npy,1048,TSI,SAD,XX,test
data\processed\1023_TSI_NEU_XX.npy,1023,TSI,NEU,XX,test
data\processed\1035_TSI_NEU_XX.npy,1035,TSI,NEU,XX,test
data\processed\1025_TSI_DIS_XX.npy,1025,TSI,DIS,XX,test
data\processed\1031_TSI_HAP_XX.npy,1031,TSI,HAP,XX,test
data\processed\1015_TSI_ANG_XX.npy,1015,TSI,ANG,XX,test
data\processed\1038_TSI_ANG_XX.npy,1038,TSI,ANG,XX,test
data\processed\1006_TSI_HAP_XX.npy,1006,TSI,HAP,XX,test
data\processed\1024_TSI_FEA_XX.npy,1024,TSI,FEA,XX,test
data\processed\1023_TSI_ANG_XX.npy,1023,TSI,ANG,XX,test
data\processed\1038_TSI_HAP_XX.npy,1038,TSI,HAP,XX,test
data\processed\1038_TSI_FEA_XX.npy,1038,TSI,FEA,XX,test
data\processed\1011_TSI_NEU_XX.npy,1011,TSI,NEU,XX,test
data\processed\1001_TSI_FEA_XX.npy,1001,TSI,FEA,XX,test
data\processed\1043_TSI_SAD_XX.npy,1043,TSI,SAD,XX,test
data\processed\1037_TSI_FEA_XX.npy,1037,TSI,FEA,XX,test
data\processed\1035_TSI_FEA_XX.npy,1035,TSI,FEA,XX,test
data\processed\1044_TSI_SAD_XX.npy,1044,TSI,SAD,XX,test
data\processed\1011_TSI_HAP_XX.npy,1011,TSI,HAP,XX,test
data\processed\1037_TSI_NEU_XX.npy,1037,TSI,NEU,XX,test
data\processed\1031_TSI_NEU_XX.npy,1031,TSI,NEU,XX,test
data\processed\1045_TSI_ANG_XX.npy,1045,TSI,ANG,XX,test
data\processed\1004_TSI_NEU_XX.npy,1004,TSI,NEU,XX,test
data\processed\1034_TSI_ANG_XX.npy,1034,TSI,ANG,XX,test
data\processed\1010_TSI_ANG_XX.npy,1010,TSI,ANG,XX,test
data\processed\1011_TSI_DIS_XX.npy,1011,TSI,DIS,XX,test
data\processed\1028_TSI_SAD_XX.npy,1028,TSI,SAD,XX,test
data\processed\1013_TSI_HAP_XX.npy,1013,TSI,HAP,XX,test
data\processed\1001_TSI_SAD_XX.npy,1001,TSI,SAD,XX,test
data\processed\1017_TSI_HAP_XX.npy,1017,TSI,HAP,XX,test
data\processed\1018_TSI_FEA_XX.npy,1018,TSI,FEA,XX,test
data\processed\1041_TSI_NEU_XX.npy,1041,TSI,NEU,XX,test
data\processed\1011_TSI_SAD_XX.npy,1011,TSI,SAD,XX,test
data\processed\1015_TSI_DIS_XX.npy,1015,TSI,DIS,XX,test
data\processed\1015_TSI_NEU_XX.npy,1015,TSI,NEU,XX,test
data\processed\1045_TSI_NEU_XX.npy,1045,TSI,NEU,XX,test
data\processed\1020_TSI_DIS_XX.npy,1020,TSI,DIS,XX,test
data\processed\1036_TSI_DIS_XX.npy,1036,TSI,DIS,XX,test
data\processed\1042_TSI_ANG_XX.npy,1042,TSI,ANG,XX,test
data\processed\1047_TSI_DIS_XX.npy,1047,TSI,DIS,XX,test
data\processed\1031_TSI_DIS_XX.npy,1031,TSI,DIS,XX,test
data\processed\1002_TSI_NEU_XX.npy,1002,TSI,NEU,XX,test
data\processed\1018_TSI_SAD_XX.npy,1018,TSI,SAD,XX,test
data\processed\1025_TSI_NEU_XX.npy,1025,TSI,NEU,XX,test
data\processed\1012_TSI_ANG_XX.npy,1012,TSI,ANG,XX,test
data\processed\1034_TSI_DIS_XX.npy,1034,TSI,DIS,XX,test
data\processed\1025_TSI_HAP_XX.npy,1025,TSI,HAP,XX,test
data\processed\1020_TSI_SAD_XX.npy,1020,TSI,SAD,XX,test
data\processed\1027_TSI_HAP_XX.npy,1027,TSI,HAP,XX,test
data\processed\1012_TSI_HAP_XX.npy,1012,TSI,HAP,XX,test
data\processed\1005_TSI_ANG_XX.npy,1005,TSI,ANG,XX,test
data\processed\1048_TSI_ANG_XX.npy,1048,TSI,ANG,XX,test
data\processed\1005_TSI_HAP_XX.npy,1005,TSI,HAP,XX,test
data\processed\1003_TSI_SAD_XX.npy,1003,TSI,SAD,XX,test
data\processed\1008_TSI_HAP_XX.npy,1008,TSI,HAP,XX,test
data\processed\1027_TSI_FEA_XX.npy,1027,TSI,FEA,XX,test
data\processed\1026_TSI_DIS_XX.npy,1026,TSI,DIS,XX,test
data\processed\1036_TSI_ANG_XX.npy,1036,TSI,ANG,XX,test
data\processed\1035_TSI_HAP_XX.npy,1035,TSI,HAP,XX,test
data\processed\1033_TSI_HAP_XX.npy,1033,TSI,HAP,XX,test
data\processed\1037_TSI_DIS_XX.npy,1037,TSI,DIS,XX,test
data\processed\1007_TSI_HAP_XX.npy,1007,TSI,HAP,XX,test
data\processed\1028_TSI_DIS_XX.npy,1028,TSI,DIS,XX,test
data\processed\1037_TSI_SAD_XX.npy,1037,TSI,SAD,XX,test
data\processed\1043_TSI_ANG_XX.npy,1043,TSI,ANG,XX,test
data\processed\1038_TSI_DIS_XX.npy,1038,TSI,DIS,XX,test
data\processed\1033_TSI_NEU_XX.npy,1033,TSI,NEU,XX,test
data\processed\1029_TSI_NEU_XX.npy,1029,TSI,NEU,XX,test
data\processed\1047_TSI_ANG_XX.npy,1047,TSI,ANG,XX,test
data\processed\1031_TSI_ANG_XX.npy,1031,TSI,ANG,XX,test
data\processed\1007_TSI_ANG_XX.npy,1007,TSI,ANG,XX,test
data\processed\1010_TSI_HAP_XX.npy,1010,TSI,HAP,XX,test
data\processed\1001_TSI_HAP_XX.npy,1001,TSI,HAP,XX,test
data\processed\1021_TSI_NEU_XX.npy,1021,TSI,NEU,XX,test
data\processed\1043_TSI_FEA_XX.npy,1043,TSI,FEA,XX,test
data\processed\1014_TSI_HAP_XX.npy,1014,TSI,HAP,XX,test
data\processed\1011_TSI_FEA_XX.npy,1011,TSI,FEA,XX,test
data\processed\1021_TSI_DIS_XX.npy,1021,TSI,DIS,XX,test
data\processed\1014_TSI_SAD_XX.npy,1014,TSI,SAD,XX,test
data\processed\1033_TSI_ANG_XX.npy,1033,TSI,ANG,XX,test
data\processed\1022_TSI_SAD_XX.npy,1022,TSI,SAD,XX,test
data\processed\1023_TSI_DIS_XX.npy,1023,TSI,DIS,XX,test
data\processed\1040_TSI_NEU_XX.npy,1040,TSI,NEU,XX,test
data\processed\1008_TSI_FEA_XX.npy,1008,TSI,FEA,XX,test
data\processed\1003_TSI_HAP_XX.npy,1003,TSI,HAP,XX,test
data\processed\1004_TSI_HAP_XX.npy,1004,TSI,HAP,XX,test
data\processed\1045_TSI_FEA_XX.npy,1045,TSI,FEA,XX,test
data\processed\1021_TSI_SAD_XX.npy,1021,TSI,SAD,XX,test
data\processed\1043_TSI_DIS_XX.npy,1043,TSI,DIS,XX,test
data\processed\1009_TSI_HAP_XX.npy,1009,TSI,HAP,XX,test
data\processed\1009_TSI_FEA_XX.npy,1009,TSI,FEA,XX,test
data\processed\1032_TSI_DIS_XX.npy,1032,TSI,DIS,XX,test
data\processed\1008_TSI_DIS_XX.npy,1008,TSI,DIS,XX,test
data\processed\1041_TSI_ANG_XX.npy,1041,TSI,ANG,XX,test
data\processed\1026_TSI_HAP_XX.npy,1026,TSI,HAP,XX,test
data\processed\1004_TSI_DIS_XX.npy,1004,TSI,DIS,XX,test
data\processed\1016_TSI_DIS_XX.npy,1016,TSI,DIS,XX,test
data\processed\1037_TSI_ANG_XX.npy,1037,TSI,ANG,XX,test
data\processed\1046_TSI_NEU_XX.npy,1046,TSI,NEU,XX,test
data\processed\1038_TSI_NEU_XX.npy,1038,TSI,NEU,XX,test
data\processed\1012_TSI_SAD_XX.npy,1012,TSI,SAD,XX,test
data\processed\1014_TSI_FEA_XX.npy,1014,TSI,FEA,XX,test
data\processed\1010_TSI_SAD_XX.npy,1010,TSI,SAD,XX,test
data\processed\1019_TSI_ANG_XX.npy,1019,TSI,ANG,XX,test
data\processed\1023_TSI_HAP_XX.npy,1023,TSI,HAP,XX,test
data\processed\1037_TSI_HAP_XX.npy,1037,TSI,HAP,XX,test
data\processed\1026_WSI_ANG_XX.npy,1026,WSI,ANG,XX,test
data\processed\1001_WSI_DIS_XX.npy,1001,WSI,DIS,XX,test
data\processed\1009_WSI_FEA_XX.npy,1009,WSI,FEA,XX,test
data\processed\1048_WSI_DIS_XX.npy,1048,WSI,DIS,XX,test
data\processed\1012_WSI_SAD_XX.npy,1012,WSI,SAD,XX,test
data\processed\1027_WSI_NEU_XX.npy,1027,WSI,NEU,XX,test
data\processed\1030_WSI_SAD_XX.npy,1030,WSI,SAD,XX,test
data\processed\1010_WSI_DIS_XX.npy,1010,WSI,DIS,XX,test
data\processed\1007_WSI_FEA_XX.npy,1007,WSI,FEA,XX,test
data\processed\1011_WSI_FEA_XX.npy,1011,WSI,FEA,XX,test
data\processed\1028_WSI_SAD_XX.npy,1028,WSI,SAD,XX,test
data\processed\1048_WSI_NEU_XX.npy,1048,WSI,NEU,XX,test
data\processed\1012_WSI_DIS_XX.npy,1012,WSI,DIS,XX,test
data\processed\1029_WSI_SAD_XX.npy,1029,WSI,SAD,XX,test
data\processed\1045_WSI_NEU_XX.npy,1045,WSI,NEU,XX,test
data\processed\1038_WSI_ANG_XX.npy,1038,WSI,ANG,XX,test
data\processed\1013_WSI_DIS_XX.npy,1013,WSI,DIS,XX,test
data\processed\1028_WSI_HAP_XX.npy,1028,WSI,HAP,XX,test
data\processed\1044_WSI_DIS_XX.npy,1044,WSI,DIS,XX,test
data\processed\1021_WSI_HAP_XX.npy,1021,WSI,HAP,XX,test
data\processed\1013_WSI_HAP_XX.npy,1013,WSI,HAP,XX,test
data\processed\1025_WSI_SAD_XX.npy,1025,WSI,SAD,XX,test
data\processed\1039_WSI_FEA_XX.npy,1039,WSI,FEA,XX,test
data\processed\1023_WSI_NEU_XX.npy,1023,WSI,NEU,XX,test
data\processed\1013_WSI_ANG_XX.npy,1013,WSI,ANG,XX,test
data\processed\1006_WSI_DIS_XX.npy,1006,WSI,DIS,XX,test
data\processed\1045_WSI_ANG_XX.npy,1045,WSI,ANG,XX,test
data\processed\1046_WSI_DIS_XX.npy,1046,WSI,DIS,XX,test
data\processed\1042_WSI_HAP_XX.npy,1042,WSI,HAP,XX,test
data\processed\1006_WSI_ANG_XX.npy,1006,WSI,ANG,XX,test
data\processed\1031_WSI_DIS_XX.npy,1031,WSI,DIS,XX,test
data\processed\1024_WSI_HAP_XX.npy,1024,WSI,HAP,XX,test
data\processed\1036_WSI_SAD_XX.npy,1036,WSI,SAD,XX,test
data\processed\1004_WSI_ANG_XX.npy,1004,WSI,ANG,XX,test
data\processed\1012_WSI_HAP_XX.npy,1012,WSI,HAP,XX,test
data\processed\1007_WSI_SAD_XX.npy,1007,WSI,SAD,XX,test
data\processed\1048_WSI_SAD_XX.npy,1048,WSI,SAD,XX,test
data\processed\1045_WSI_FEA_XX.npy,1045,WSI,FEA,XX,test
data\processed\1030_WSI_FEA_XX.npy,1030,WSI,FEA,XX,test
data\processed\1010_WSI_HAP_XX.npy,1010,WSI,HAP,XX,test
data\processed\1017_WSI_ANG_XX.npy,1017,WSI,ANG,XX,test
data\processed\1043_WSI_FEA_XX.npy,1043,WSI,FEA,XX,test
data\processed\1022_WSI_HAP_XX.npy,1022,WSI,HAP,XX,test
data\processed\1007_WSI_ANG_XX.npy,1007,WSI,ANG,XX,test
data\processed\1043_WSI_NEU_XX.npy,1043,WSI,NEU,XX,test
data\processed\1041_WSI_ANG_XX.npy,1041,WSI,ANG,XX,test
data\processed\1043_WSI_DIS_XX.npy,1043,WSI,DIS,XX,test
data\processed\1004_WSI_SAD_XX.npy,1004,WSI,SAD,XX,test
data\processed\1005_WSI_ANG_XX.npy,1005,WSI,ANG,XX,test
data\processed\1046_WSI_FEA_XX.npy,1046,WSI,FEA,XX,test
data\processed\1028_WSI_FEA_XX.npy,1028,WSI,FEA,XX,test
data\processed\1003_WSI_HAP_XX.npy,1003,WSI,HAP,XX,test
data\processed\1006_WSI_SAD_XX.npy,1006,WSI,SAD,XX,test
data\processed\1033_WSI_FEA_XX.npy,1033,WSI,FEA,XX,test
data\processed\1015_WSI_NEU_XX.npy,1015,WSI,NEU,XX,test
data\processed\1047_WSI_DIS_XX.npy,1047,WSI,DIS,XX,test
data\processed\1024_WSI_FEA_XX.npy,1024,WSI,FEA,XX,test
data\processed\1021_WSI_DIS_XX.npy,1021,WSI,DIS,XX,test
data\processed\1023_WSI_FEA_XX.npy,1023,WSI,FEA,XX,test
data\processed\1006_WSI_FEA_XX.npy,1006,WSI,FEA,XX,test
data\processed\1047_WSI_ANG_XX.npy,1047,WSI,ANG,XX,test
data\processed\1033_WSI_ANG_XX.npy,1033,WSI,ANG,XX,test
data\processed\1027_WSI_SAD_XX.npy,1027,WSI,SAD,XX,test
data\processed\1018_WSI_HAP_XX.npy,1018,WSI,HAP,XX,test
data\processed\1015_WSI_FEA_XX.npy,1015,WSI,FEA,XX,test
data\processed\1017_WSI_FEA_XX.npy,1017,WSI,FEA,XX,test
data\processed\1045_WSI_HAP_XX.npy,1045,WSI,HAP,XX,test
data\processed\1012_WSI_NEU_XX.npy,1012,WSI,NEU,XX,test
data\processed\1011_WSI_HAP_XX.npy,1011,WSI,HAP,XX,test
data\processed\1039_WSI_SAD_XX.npy,1039,WSI,SAD,XX,test
data\processed\1016_WSI_SAD_XX.npy,1016,WSI,SAD,XX,test
data\processed\1016_WSI_DIS_XX.npy,1016,WSI,DIS,XX,test
data\processed\1011_WSI_DIS_XX.npy,1011,WSI,DIS,XX,test
data\processed\1012_WSI_FEA_XX.npy,1012,WSI,FEA,XX,test
data\processed\1003_WSI_ANG_XX.npy,1003,WSI,ANG,XX,test
data\processed\1027_WSI_FEA_XX.npy,1027,WSI,FEA,XX,test
data\processed\1003_WSI_FEA_XX.npy,1003,WSI,FEA,XX,test
data\processed\1038_WSI_FEA_XX.npy,1038,WSI,FEA,XX,test
data\processed\1024_WSI_SAD_XX.npy,1024,WSI,SAD,XX,test
data\processed\1003_WSI_DIS_XX.npy,1003,WSI,DIS,XX,test
data\processed\1039_WSI_DIS_XX.npy,1039,WSI,DIS,XX,test
data\processed\1047_WSI_SAD_XX.npy,1047,WSI,SAD,XX,test
data\processed\1026_WSI_HAP_XX.npy,1026,WSI,HAP,XX,test
data\processed\1037_WSI_HAP_XX.npy,1037,WSI,HAP,XX,test
data\processed\1025_WSI_NEU_XX.npy,1025,WSI,NEU,XX,test
data\processed\1046_WSI_NEU_XX.npy,1046,WSI,NEU,XX,test
data\processed\1021_WSI_FEA_XX.npy,1021,WSI,FEA,XX,test
data\processed\1012_WSI_ANG_XX.npy,1012,WSI,ANG,XX,test
data\processed\1004_WSI_HAP_XX.npy,1004,WSI,HAP,XX,test
data\processed\1014_WSI_NEU_XX.npy,1014,WSI,NEU,XX,test
data\processed\1004_WSI_DIS_XX.npy,1004,WSI,DIS,XX,test
data\processed\1042_WSI_NEU_XX.npy,1042,WSI,NEU,XX,test
data\processed\1040_WSI_HAP_XX.npy,1040,WSI,HAP,XX,test
data\processed\1046_WSI_SAD_XX.npy,1046,WSI,SAD,XX,test
data\processed\1018_WSI_FEA_XX.npy,1018,WSI,FEA,XX,test
data\processed\1021_WSI_NEU_XX.npy,1021,WSI,NEU,XX,test
data\processed\1040_WSI_SAD_XX.npy,1040,WSI,SAD,XX,test
data\processed\1048_WSI_ANG_XX.npy,1048,WSI,ANG,XX,test
data\processed\1034_WSI_ANG_XX.npy,1034,WSI,ANG,XX,test
data\processed\1009_WSI_SAD_XX.npy,1009,WSI,SAD,XX,test
data\processed\1047_WSI_HAP_XX.npy,1047,WSI,HAP,XX,test
data\processed\1034_WSI_DIS_XX.npy,1034,WSI,DIS,XX,test
data\processed\1041_WSI_NEU_XX.npy,1041,WSI,NEU,XX,test
data\processed\1040_WSI_NEU_XX.npy,1040,WSI,NEU,XX,test
data\processed\1011_WSI_ANG_XX.npy,1011,WSI,ANG,XX,test
data\processed\1021_WSI_SAD_XX.npy,1021,WSI,SAD,XX,test
data\processed\1010_WSI_ANG_XX.npy,1010,WSI,ANG,XX,test
data\processed\1005_WSI_FEA_XX.npy,1005,WSI,FEA,XX,test
data\processed\1013_WSI_NEU_XX.npy,1013,WSI,NEU,XX,test
data\processed\1028_WSI_ANG_XX.npy,1028,WSI,ANG,XX,test
data\processed\1015_WSI_HAP_XX.npy,1015,WSI,HAP,XX,test
data\processed\1040_WSI_DIS_XX.npy,1040,WSI,DIS,XX,test
data\processed\1005_WSI_NEU_XX.npy,1005,WSI,NEU,XX,test
data\processed\1007_WSI_DIS_XX.npy,1007,WSI,DIS,XX,test
data\processed\1019_WSI_NEU_XX.npy,1019,WSI,NEU,XX,test
data\processed\1017_WSI_DIS_XX.npy,1017,WSI,DIS,XX,test
data\processed\1048_WSI_FEA_XX.npy,1048,WSI,FEA,XX,test
data\processed\1037_WSI_NEU_XX.npy,1037,WSI,NEU,XX,test
data\processed\1002_WSI_DIS_XX.npy,1002,WSI,DIS,XX,test
data\processed\1037_WSI_SAD_XX.npy,1037,WSI,SAD,XX,test
data\processed\1033_WSI_SAD_XX.npy,1033,WSI,SAD,XX,test
data\processed\1036_WSI_ANG_XX.npy,1036,WSI,ANG,XX,test
data\processed\1009_WSI_ANG_XX.npy,1009,WSI,ANG,XX,test
data\processed\1006_WSI_NEU_XX.npy,1006,WSI,NEU,XX,test
data\processed\1019_WSI_FEA_XX.npy,1019,WSI,FEA,XX,test
data\processed\1039_WSI_ANG_XX.npy,1039,WSI,ANG,XX,test
data\processed\1001_WSI_NEU_XX.npy,1001,WSI,NEU,XX,test
data\processed\1018_WSI_NEU_XX.npy,1018,WSI,NEU,XX,test
data\processed\1031_WSI_ANG_XX.npy,1031,WSI,ANG,XX,test
data\processed\1015_WSI_ANG_XX.npy,1015,WSI,ANG,XX,test
data\processed\1034_WSI_NEU_XX.npy,1034,WSI,NEU,XX,test
data\processed\1022_WSI_DIS_XX.npy,1022,WSI,DIS,XX,test
data\processed\1005_WSI_SAD_XX.npy,1005,WSI,SAD,XX,test
data\processed\1005_WSI_HAP_XX.npy,1005,WSI,HAP,XX,test
data\processed\1025_WSI_ANG_XX.npy,1025,WSI,ANG,XX,test
data\processed\1040_WSI_FEA_XX.npy,1040,WSI,FEA,XX,test
data\processed\1007_WSI_NEU_XX.npy,1007,WSI,NEU,XX,test
data\processed\1043_WSI_ANG_XX.npy,1043,WSI,ANG,XX,test
data\processed\1024_WSI_NEU_XX.npy,1024,WSI,NEU,XX,test
data\processed\1036_WSI_FEA_XX.npy,1036,WSI,FEA,XX,test
data\processed\1042_WSI_DIS_XX.npy,1042,WSI,DIS,XX,test
data\processed\1032_WSI_DIS_XX.npy,1032,WSI,DIS,XX,test
data\processed\1014_WSI_FEA_XX.npy,1014,WSI,FEA,XX,test
data\processed\1026_WSI_NEU_XX.npy,1026,WSI,NEU,XX,test
data\processed\1032_WSI_FEA_XX.npy,1032,WSI,FEA,XX,test
data\processed\1040_WSI_ANG_XX.npy,1040,WSI,ANG,XX,test
data\processed\1024_WSI_DIS_XX.npy,1024,WSI,DIS,XX,test
data\processed\1001_WSI_FEA_XX.npy,1001,WSI,FEA,XX,test
data\processed\1027_WSI_DIS_XX.npy,1027,WSI,DIS,XX,test
data\processed\1039_WSI_NEU_XX.npy,1039,WSI,NEU,XX,test
data\processed\1002_WSI_FEA_XX.npy,1002,WSI,FEA,XX,test
data\processed\1009_WSI_HAP_XX.npy,1009,WSI,HAP,XX,test
data\processed\1005_WSI_DIS_XX.npy,1005,WSI,DIS,XX,test
data\processed\1043_WSI_HAP_XX.npy,1043,WSI,HAP,XX,test
data\processed\1023_WSI_DIS_XX.npy,1023,WSI,DIS,XX,test
data\processed\1009_WSI_NEU_XX.npy,1009,WSI,NEU,XX,test
data\processed\1032_WSI_SAD_XX.npy,1032,WSI,SAD,XX,test
data\processed\1016_WSI_FEA_XX.npy,1016,WSI,FEA,XX,test
data\processed\1002_WSI_ANG_XX.npy,1002,WSI,ANG,XX,test
data\processed\1018_WSI_ANG_XX.npy,1018,WSI,ANG,XX,test
data\processed\1035_WSI_ANG_XX.npy,1035,WSI,ANG,XX,test
data\processed\1016_WSI_ANG_XX.npy,1016,WSI,ANG,XX,test
data\processed\1011_WSI_NEU_XX.npy,1011,WSI,NEU,XX,test
data\processed\1044_WSI_SAD_XX.npy,1044,WSI,SAD,XX,test
data\processed\1015_WSI_DIS_XX.npy,1015,WSI,DIS,XX,test
data\processed\1029_WSI_NEU_XX.npy,1029,WSI,NEU,XX,test
data\processed\1020_WSI_NEU_XX.npy,1020,WSI,NEU,XX,test
data\processed\1020_WSI_ANG_XX.npy,1020,WSI,ANG,XX,test
data\processed\1037_WSI_ANG_XX.npy,1037,WSI,ANG,XX,test
data\processed\1036_WSI_NEU_XX.npy,1036,WSI,NEU,XX,test
data\processed\1009_WSI_DIS_XX.npy,1009,WSI,DIS,XX,test
data\processed\1035_WSI_NEU_XX.npy,1035,WSI,NEU,XX,test
data\processed\1026_WSI_SAD_XX.npy,1026,WSI,SAD,XX,test
data\processed\1038_WSI_DIS_XX.npy,1038,WSI,DIS,XX,test
data\processed\1035_WSI_HAP_XX.npy,1035,WSI,HAP,XX,test
data\processed\1044_WSI_FEA_XX.npy,1044,WSI,FEA,XX,test
data\processed\1025_WSI_FEA_XX.npy,1025,WSI,FEA,XX,test
data\processed\1022_WSI_ANG_XX.npy,1022,WSI,ANG,XX,test
data\processed\1014_WSI_SAD_XX.npy,1014,WSI,SAD,XX,test
data\processed\1027_WSI_HAP_XX.npy,1027,WSI,HAP,XX,test
data\processed\1027_WSI_ANG_XX.npy,1027,WSI,ANG,XX,test
data\processed\1045_WSI_SAD_XX.npy,1045,WSI,SAD,XX,test
data\processed\1020_WSI_FEA_XX.npy,1020,WSI,FEA,XX,test
data\processed\1033_WSI_DIS_XX.npy,1033,WSI,DIS,XX,test
data\processed\1035_WSI_SAD_XX.npy,1035,WSI,SAD,XX,test
data\processed\1007_WSI_HAP_XX.npy,1007,WSI,HAP,XX,test
data\processed\1038_WSI_NEU_XX.npy,1038,WSI,NEU,XX,test
data\processed\1030_WSI_NEU_XX.npy,1030,WSI,NEU,XX,test
data\processed\1014_WSI_DIS_XX.npy,1014,WSI,DIS,XX,test
data\processed\1029_WSI_ANG_XX.npy,1029,WSI,ANG,XX,test
data\processed\1020_WSI_HAP_XX.npy,1020,WSI,HAP,XX,test
data\processed\1028_WSI_NEU_XX.npy,1028,WSI,NEU,XX,test
data\processed\1044_WSI_HAP_XX.npy,1044,WSI,HAP,XX,test
data\processed\1044_WSI_NEU_XX.npy,1044,WSI,NEU,XX,test
data\processed\1019_WSI_ANG_XX.npy,1019,WSI,ANG,XX,test
data\processed\1022_WSI_NEU_XX.npy,1022,WSI,NEU,XX,test
data\processed\1038_WSI_SAD_XX.npy,1038,WSI,SAD,XX,test
data\processed\1011_WSI_SAD_XX.npy,1011,WSI,SAD,XX,test
data\processed\1038_WSI_HAP_XX.npy,1038,WSI,HAP,XX,test
data\processed\1029_WSI_DIS_XX.npy,1029,WSI,DIS,XX,test
data\processed\1034_WSI_FEA_XX.npy,1034,WSI,FEA,XX,test
data\processed\1031_WSI_NEU_XX.npy,1031,WSI,NEU,XX,test
data\processed\1047_WSI_NEU_XX.npy,1047,WSI,NEU,XX,test
data\processed\1035_WSI_FEA_XX.npy,1035,WSI,FEA,XX,test
data\processed\1036_WSI_HAP_XX.npy,1036,WSI,HAP,XX,test
data\processed\1019_WSI_HAP_XX.npy,1019,WSI,HAP,XX,test
data\processed\1029_WSI_FEA_XX.npy,1029,WSI,FEA,XX,test
data\processed\1018_WSI_DIS_XX.npy,1018,WSI,DIS,XX,test
data\processed\1016_WSI_NEU_XX.npy,1016,WSI,NEU,XX,test
data\processed\1042_WSI_SAD_XX.npy,1042,WSI,SAD,XX,test
data\processed\1002_WSI_HAP_XX.npy,1002,WSI,HAP,XX,test
data\processed\1045_WSI_DIS_XX.npy,1045,WSI,DIS,XX,test
data\processed\1014_WSI_ANG_XX.npy,1014,WSI,ANG,XX,test
data\processed\1031_WSI_SAD_XX.npy,1031,WSI,SAD,XX,test
data\processed\1023_WSI_SAD_XX.npy,1023,WSI,SAD,XX,test
data\processed\1032_WSI_ANG_XX.npy,1032,WSI,ANG,XX,test
data\processed\1021_WSI_ANG_XX.npy,1021,WSI,ANG,XX,test
data\processed\1019_WSI_SAD_XX.npy,1019,WSI,SAD,XX,test
data\processed\1036_WSI_DIS_XX.npy,1036,WSI,DIS,XX,test
data\processed\1034_WSI_SAD_XX.npy,1034,WSI,SAD,XX,test
data\processed\1034_WSI_HAP_XX.npy,1034,WSI,HAP,XX,test
data\processed\1037_WSI_FEA_XX.npy,1037,WSI,FEA,XX,test
data\processed\1014_WSI_HAP_XX.npy,1014,WSI,HAP,XX,test
data\processed\1041_WSI_HAP_XX.npy,1041,WSI,HAP,XX,test
data\processed\1044_WSI_ANG_XX.npy,1044,WSI,ANG,XX,test
data\processed\1001_WSI_ANG_XX.npy,1001,WSI,ANG,XX,test
data\processed\1033_WSI_HAP_XX.npy,1033,WSI,HAP,XX,test
data\processed\1016_WSI_HAP_XX.npy,1016,WSI,HAP,XX,test
data\processed\1047_WSI_FEA_XX.npy,1047,WSI,FEA,XX,test
data\processed\1032_WSI_HAP_XX.npy,1032,WSI,HAP,XX,test
data\processed\1022_WSI_FEA_XX.npy,1022,WSI,FEA,XX,test
data\processed\1048_WSI_HAP_XX.npy,1048,WSI,HAP,XX,test
data\processed\1001_WSI_SAD_XX.npy,1001,WSI,SAD,XX,test
data\processed\1020_WSI_DIS_XX.npy,1020,WSI,DIS,XX,test
data\processed\1004_WSI_FEA_XX.npy,1004,WSI,FEA,XX,test
data\processed\1010_WSI_SAD_XX.npy,1010,WSI,SAD,XX,test
data\processed\1013_WSI_SAD_XX.npy,1013,WSI,SAD,XX,test
data\processed\1028_WSI_DIS_XX.npy,1028,WSI,DIS,XX,test
data\processed\1019_WSI_DIS_XX.npy,1019,WSI,DIS,XX,test
data\processed\1025_WSI_HAP_XX.npy,1025,WSI,HAP,XX,test
data\processed\1042_WSI_ANG_XX.npy,1042,WSI,ANG,XX,test
data\processed\1030_WSI_HAP_XX.npy,1030,WSI,HAP,XX,test
data\processed\1031_WSI_HAP_XX.npy,1031,WSI,HAP,XX,test
data\processed\1024_WSI_ANG_XX.npy,1024,WSI,ANG,XX,test
data\processed\1032_WSI_NEU_XX.npy,1032,WSI,NEU,XX,test
data\processed\1004_WSI_NEU_XX.npy,1004,WSI,NEU,XX,test
data\processed\1030_WSI_ANG_XX.npy,1030,WSI,ANG,XX,test
data\processed\1006_WSI_HAP_XX.npy,1006,WSI,HAP,XX,test
data\processed\1022_WSI_SAD_XX.npy,1022,WSI,SAD,XX,test
data\processed\1003_WSI_SAD_XX.npy,1003,WSI,SAD,XX,test
data\processed\1046_WSI_HAP_XX.npy,1046,WSI,HAP,XX,test
data\processed\1026_WSI_DIS_XX.npy,1026,WSI,DIS,XX,test
data\processed\1010_WSI_FEA_XX.npy,1010,WSI,FEA,XX,test
data\processed\1001_WSI_HAP_XX.npy,1001,WSI,HAP,XX,test
data\processed\1017_WSI_NEU_XX.npy,1017,WSI,NEU,XX,test
data\processed\1039_WSI_HAP_XX.npy,1039,WSI,HAP,XX,test
data\processed\1041_WSI_SAD_XX.npy,1041,WSI,SAD,XX,test
data\processed\1037_WSI_DIS_XX.npy,1037,WSI,DIS,XX,test
data\processed\1043_WSI_SAD_XX.npy,1043,WSI,SAD,XX,test
data\processed\1003_WSI_NEU_XX.npy,1003,WSI,NEU,XX,test
data\processed\1013_WSI_FEA_XX.npy,1013,WSI,FEA,XX,test
data\processed\1030_WSI_DIS_XX.npy,1030,WSI,DIS,XX,test
data\processed\1035_WSI_DIS_XX.npy,1035,WSI,DIS,XX,test
data\processed\1018_WSI_SAD_XX.npy,1018,WSI,SAD,XX,test
data\processed\1017_WSI_HAP_XX.npy,1017,WSI,HAP,XX,test
data\processed\1046_WSI_ANG_XX.npy,1046,WSI,ANG,XX,test
data\processed\1041_WSI_DIS_XX.npy,1041,WSI,DIS,XX,test
data\processed\1010_WSI_NEU_XX.npy,1010,WSI,NEU,XX,test
data\processed\1002_WSI_NEU_XX.npy,1002,WSI,NEU,XX,test
data\processed\1023_WSI_ANG_XX.npy,1023,WSI,ANG,XX,test
data\processed\1026_WSI_FEA_XX.npy,1026,WSI,FEA,XX,test
data\processed\1042_WSI_FEA_XX.npy,1042,WSI,FEA,XX,test
data\processed\1033_WSI_NEU_XX.npy,1033,WSI,NEU,XX,test
data\processed\1002_WSI_SAD_XX.npy,1002,WSI,SAD,XX,test
data\processed\1029_WSI_HAP_XX.npy,1029,WSI,HAP,XX,test
data\processed\1041_WSI_FEA_XX.npy,1041,WSI,FEA,XX,test
data\processed\1020_WSI_SAD_XX.npy,1020,WSI,SAD,XX,test
data\processed\1017_WSI_SAD_XX.npy,1017,WSI,SAD,XX,test
data\processed\1015_WSI_SAD_XX.npy,1015,WSI,SAD,XX,test
data\processed\1025_WSI_DIS_XX.npy,1025,WSI,DIS,XX,test
data\processed\1031_WSI_FEA_XX.npy,1031,WSI,FEA,XX,test
data\processed\1023_WSI_HAP_XX.npy,1023,WSI,HAP,XX,test
